{
  "id": "skull_of_spirits",
  "weight": 1000,
  "rarity": 1,
  "tier": 0,
  "registry": "unique_gear",
  "lang_file_string": "item.mmorpg.uniques.jewelry.skull_of_spirits",
  "lang_file_desc_string": "item.mmorpg.uniques.jewelry.skull_of_spirits.desc",
  "unique_stats": [
    {
      "firstMin": 0.15,
      "firstMax": 0.4,
      "secondMin": 0.0,
      "secondMax": 0.0,
      "stat": "all_attributes",
      "type": "flat"
    },
    {
      "firstMin": 10.0,
      "firstMax": 20.0,
      "secondMin": 0.0,
      "secondMax": 0.0,
      "stat": "magic_shield_regen",
      "type": "local_increase"
    },
    {
      "firstMin": -5.0,
      "firstMax": -15.0,
      "secondMin": 0.0,
      "secondMax": 0.0,
      "stat": "water_resist",
      "type": "flat"
    },
    {
      "firstMin": -5.0,
      "firstMax": -15.0,
      "secondMin": 0.0,
      "secondMax": 0.0,
      "stat": "fire_resist",
      "type": "flat"
    }
  ],
  "gear_type": "all_res_necklace1",
  "item_id": "mmorpg:uniques/jewelry/skull_of_spirits"
}