{
  "id": "jester_hat",
  "weight": 1000,
  "rarity": 1,
  "tier": 0,
  "registry": "unique_gear",
  "lang_file_string": "item.mmorpg.uniques.armor.jester_hat",
  "lang_file_desc_string": "item.mmorpg.uniques.armor.jester_hat.desc",
  "unique_stats": [
    {
      "firstMin": -15.0,
      "firstMax": 15.0,
      "secondMin": 0.0,
      "secondMax": 0.0,
      "stat": "critical_hit",
      "type": "flat"
    },
    {
      "firstMin": -15.0,
      "firstMax": 15.0,
      "secondMin": 0.0,
      "secondMax": 0.0,
      "stat": "critical_damage",
      "type": "flat"
    },
    {
      "firstMin": -15.0,
      "firstMax": 15.0,
      "secondMin": 0.0,
      "secondMax": 0.0,
      "stat": "magic_find",
      "type": "flat"
    },
    {
      "firstMin": -15.0,
      "firstMax": 15.0,
      "secondMin": 0.0,
      "secondMax": 0.0,
      "stat": "increased_quantity",
      "type": "flat"
    },
    {
      "firstMin": 0.2,
      "firstMax": 0.6,
      "secondMin": 0.0,
      "secondMax": 0.0,
      "stat": "intelligence_flat_stat_req",
      "type": "flat"
    }
  ],
  "gear_type": "cloth_helmet3",
  "item_id": "mmorpg:uniques/armor/jester_hat"
}