[{"name":"Common","colour":"GRAY","weights":[50,50,50,30,10],"groups":[{"id":"5c3fa024-9c9e-46d6-bb6b-d63c4b1ad30a","name":"Standard Loot","limit":0,"items":[{"id":"mmorpg:weapon/sword/sword0","Count":1,"tag":{"Damage":0}},{"id":"mmorpg:weapon/axe/axe0","Count":1,"tag":{"Damage":0}},{"id":"mmorpg:weapon/wand/wand0","Count":1,"tag":{"Damage":0}}]}]},{"name":"Magic","colour":"BLUE","weights":[5,10,15,20,25],"groups":[]},{"name":"Rare","colour":"ORANGE","weights":[3,6,12,18,21],"groups":[]},{"name":"Unique","colour":"PURPLE","weights":[1,2,3,4,30],"groups":[]}]