[{"uuid":"078e6d6a-2636-4628-9d0d-28d4dd831d5f","name":"Mahjerion","lives":3,"team":{"id":-1,"lifeSetting":"SHARE","rewardSetting":"ALL","players":[{"uuid":"078e6d6a-2636-4628-9d0d-28d4dd831d5f","owner":true,"bookOpen":false,"inTeam":true}],"reputations":[{"reputationId":"05c0283d-d378-4048-b379-1502302314a5","reputationValue":6}],"questDataList":[{"questId":"377a2926-20c4-43aa-9309-6a3e9f148f75","questData":{"players":1,"rewards":[false],"completed":false,"claimed":false,"available":true,"time":0,"tasksSize":1,"tasks":[{"type":"MOB","completed":false,"count":3,"killed":[0,0,0]}]}},{"questId":"6e6b78a9-a85f-48a8-82e1-3e5d4cb9eb15","questData":{"players":1,"rewards":[false],"completed":false,"claimed":false,"available":true,"time":0,"tasksSize":1,"tasks":[{"type":"MOB","completed":false,"count":3,"killed":[0,0,0]}]}},{"questId":"10b89571-a555-417c-89f5-abcaf798884f","questData":{"players":1,"rewards":[false],"completed":false,"claimed":false,"available":true,"time":0,"tasksSize":1,"tasks":[{"type":"ITEMS","completed":false,"count":3,"progress":[0,0,0]}]}},{"questId":"d34a3a33-c595-4664-87cc-5f21b870d5f9","questData":{"players":1,"rewards":[false],"completed":false,"claimed":false,"available":true,"time":0,"tasksSize":0,"tasks":[]}},{"questId":"f4d15738-fb64-42c6-a638-0e37164c85e5","questData":{"players":1,"rewards":[false],"completed":false,"claimed":false,"available":true,"time":0,"tasksSize":1,"tasks":[{"type":"ITEMS","completed":false,"count":2,"progress":[0,0]}]}},{"questId":"eebc70fe-924d-40e5-9cbd-9574ac296564","questData":{"players":1,"rewards":[false],"completed":false,"claimed":false,"available":true,"time":0,"tasksSize":1,"tasks":[{"type":"MOB","completed":false,"count":1,"killed":[0]}]}},{"questId":"d363cfc5-7260-4a8c-8468-02ba03a09537","questData":{"players":1,"rewards":[false],"completed":false,"claimed":false,"available":true,"time":0,"tasksSize":1,"tasks":[{"type":"ITEMS","completed":false,"count":1,"progress":[0]}]}},{"questId":"73f0f2b1-fcc0-413b-96e5-3f38f0f84810","questData":{"players":1,"rewards":[false],"completed":false,"claimed":false,"available":true,"time":0,"tasksSize":1,"tasks":[{"type":"MOB","completed":false,"count":3,"killed":[0,0,0]}]}},{"questId":"9cfd846a-9aad-449a-a07e-0f27cb3b2dd2","questData":{"players":1,"rewards":[false],"completed":false,"claimed":false,"available":true,"time":0,"tasksSize":0,"tasks":[]}},{"questId":"cc594e68-08a6-4e39-889a-1db953dd8061","questData":{"players":1,"rewards":[false],"completed":false,"claimed":false,"available":true,"time":0,"tasksSize":1,"tasks":[{"type":"MOB","completed":false,"count":3,"killed":[0,0,0]}]}},{"questId":"fd0ebbbd-8e2d-4fe7-866c-0d5a6dd0580b","questData":{"players":1,"rewards":[false],"completed":false,"claimed":false,"available":true,"time":0,"tasksSize":1,"tasks":[{"type":"ITEMS","completed":false,"count":2,"progress":[0,0]}]}},{"questId":"25684d30-3615-4a23-b173-4890be86531f","questData":{"players":1,"rewards":[false],"completed":false,"claimed":false,"available":true,"time":0,"tasksSize":0,"tasks":[]}},{"questId":"8f8e5c80-50bb-4599-b5b5-3114a180cdba","questData":{"players":1,"rewards":[false],"completed":false,"claimed":false,"available":true,"time":0,"tasksSize":1,"tasks":[{"type":"ITEMS","completed":false,"count":1,"progress":[0]}]}},{"questId":"6a88441d-b9bc-4094-b046-cf046be3316b","questData":{"players":1,"rewards":[false],"completed":false,"claimed":false,"available":true,"time":0,"tasksSize":0,"tasks":[]}},{"questId":"680554cc-563d-4814-8d24-84c87a51ef24","questData":{"players":1,"rewards":[false],"completed":false,"claimed":false,"available":true,"time":0,"tasksSize":1,"tasks":[{"type":"ITEMS","completed":false,"count":2,"progress":[0,0]}]}},{"questId":"93b34d1e-e74c-46d8-ad28-f3a512fc1b12","questData":{"players":1,"rewards":[false],"completed":false,"claimed":false,"available":true,"time":0,"tasksSize":1,"tasks":[{"type":"ITEMS","completed":false,"count":4,"progress":[0,0,0,0]}]}},{"questId":"931466cc-4388-426d-9917-5a228d673b74","questData":{"players":1,"rewards":[false],"completed":false,"claimed":false,"available":true,"time":0,"tasksSize":1,"tasks":[{"type":"MOB","completed":false,"count":3,"killed":[0,0,0]}]}},{"questId":"75dde6b6-41d5-48df-9112-5f296378de9e","questData":{"players":1,"rewards":[false],"completed":false,"claimed":false,"available":true,"time":0,"tasksSize":1,"tasks":[{"type":"MOB","completed":false,"count":1,"killed":[0]}]}},{"questId":"e5387e73-362d-4cf6-90ac-4659e3846d3c","questData":{"players":1,"rewards":[false],"completed":false,"claimed":false,"available":true,"time":0,"tasksSize":1,"tasks":[{"type":"ITEMS","completed":false,"count":2,"progress":[0,0]}]}},{"questId":"18ba3bbb-8a64-4f99-9fb9-fa60f63c6b87","questData":{"players":1,"rewards":[false],"completed":false,"claimed":false,"available":true,"time":0,"tasksSize":0,"tasks":[]}},{"questId":"e302f032-cfb7-43f3-ad8f-e2de0d184e62","questData":{"players":1,"rewards":[false],"completed":true,"claimed":true,"available":false,"time":95,"tasksSize":1,"tasks":[{"type":"ITEMS","completed":true,"count":1,"progress":[1]}]}}],"invites":[]},"selectedQuest":"6e6b78a9-a85f-48a8-82e1-3e5d4cb9eb15","playedLore":false,"receivedBook":true,"groupData":{"5c3fa024-9c9e-46d6-bb6b-d63c4b1ad30a":0},"deaths":{"078e6d6a-2636-4628-9d0d-28d4dd831d5f":[0,0,0,0,0,0,0,0,0,0,0,0,0,0,0]}}]