{"name":"Overworld","description":"Follow this quest chapter to learn the fundamentals of Craft to Exile [Harmony].","quests":[{"uuid":"377a2926-20c4-43aa-9309-6a3e9f148f75","name":"Age of Exile Mobs","description":"Age of Exile brings about changes to mobs and biomes. Biomes can now have a type associated with them which will alter the type of mobs that spawn in that biome. Mobs also have variants - for example, a spark zombie will have thunder damage attributes.","x":104,"y":50,"icon":{"id":"minecraft:zombie_head","Count":1},"prerequisites":["10b89571-a555-417c-89f5-abcaf798884f"],"tasks":[{"type":"KILL","longDescription":"EXP Reward: N/A","mobs":[{"name":"Arcana Zombie","icon":{"id":"minecraft:zombie_head","Count":1},"mob":"Arcana Zombie","kills":1}]}],"reward":[{"id":"mmorpg:runes/nos","Count":1}],"commandrewards":[],"reputationrewards":[{"reputation":"05c0283d-d378-4048-b379-1502302314a5","value":1}]},{"uuid":"6e6b78a9-a85f-48a8-82e1-3e5d4cb9eb15","name":"Flame Attribute","description":"Kill flame mobs. These can be found more commonly hotter biomes.","x":187,"y":15,"icon":{"id":"mmorpg:gear_mat/essences/fire","Count":1},"repeat":{"type":"TIME","days":1,"hours":0},"tasks":[{"type":"KILL","description":"Killing Task","longDescription":"EXP Reward: N/A","mobs":[{"name":"Flame Skeleton","icon":{"id":"minecraft:skeleton_skull","Count":1},"mob":"Flame Skeleton","kills":10},{"name":"Flame Zombie","icon":{"id":"minecraft:zombie_head","Count":1},"mob":"Flame Zombie","kills":10},{"name":"Flame Spider","icon":{"id":"minecraft:spider_eye","Count":1},"mob":"Flame Spider","kills":10}]}],"reward":[{"id":"mmorpg:gear_mat/essences/fire","Count":1}],"rewardchoice":[{"id":"mmorpg:gear_mat/ore/ore0","Count":32},{"id":"mmorpg:gear_mat/leather/leather0","Count":32},{"id":"mmorpg:gear_mat/cloth/cloth0","Count":32}],"commandrewards":[]},{"uuid":"10b89571-a555-417c-89f5-abcaf798884f","name":"Inventory Space","description":"Alright, I get it! You want to start going on smaller excursions already. At least craft a bag to bring on your adventure, and some teleportation scrolls so you can get around easily! The spawn and death teleport scrolls will bring you to your spawn and last death point, respectively.","x":65,"y":50,"icon":{"cardinal_components":{"universalcomponents:inventory":{"Items":[{"id":"minecraft:air","Count":0},{"id":"minecraft:air","Count":0},{"id":"minecraft:air","Count":0}]}},"id":"inmis:baby_backpack","Count":1},"prerequisites":["e302f032-cfb7-43f3-ad8f-e2de0d184e62"],"tasks":[{"type":"CRAFT","description":"Crafting Task","longDescription":"EXP Reward: N/A","items":[{"item":{"cardinal_components":{"universalcomponents:inventory":{"Items":[{"id":"minecraft:air","Count":0},{"id":"minecraft:air","Count":0},{"id":"minecraft:air","Count":0}]}},"id":"inmis:baby_backpack","Count":1}},{"item":{"id":"craftable_utilities:spawn_teleport","Count":1}},{"item":{"id":"craftable_utilities:death_teleport","Count":1}}]}],"reward":[{"id":"craftable_utilities:spawn_teleport","Count":1},{"id":"craftable_utilities:death_teleport","Count":1}],"commandrewards":["/age_of_exile give exp @p 500"],"reputationrewards":[{"reputation":"05c0283d-d378-4048-b379-1502302314a5","value":1}]},{"uuid":"f4d15738-fb64-42c6-a638-0e37164c85e5","name":"Crafting More Gear","description":"Crafting armor in [Harmony] can be a little unintuitive. Crafting Age of Exile gear will always result in an item of the expected type (e.g. cloth will yield cloth armor). However, crafting gear from vanilla Minecraft or mods will give you a 1/3 chance of rolling one of the 3 types: plate, leather, cloth (e.g. crafting leather armor may yield cloth leather armor).","x":65,"y":120,"icon":{"id":"minecraft:chainmail_chestplate","Count":1,"tag":{"Damage":0}},"prerequisites":["680554cc-563d-4814-8d24-84c87a51ef24"],"tasks":[{"type":"CRAFT","description":"Crafting Task","longDescription":"EXP Reward: N/A","items":[{"item":{"id":"minecraft:chainmail_chestplate","Count":1,"tag":{"Damage":0}},"precision":"TAG_NBT_FUZZY"},{"item":{"id":"minecraft:chainmail_leggings","Count":1,"tag":{"Damage":0}}}]}],"reward":[{"id":"mmorpg:gear_mat/ore/ore1","Count":2},{"id":"mmorpg:gear_mat/cloth/cloth1","Count":2},{"id":"mmorpg:gear_mat/leather/leather1","Count":2}],"commandrewards":[],"reputationrewards":[{"reputation":"05c0283d-d378-4048-b379-1502302314a5","value":1}]},{"uuid":"eebc70fe-924d-40e5-9cbd-9574ac296564","name":"Despair","description":"Age of Exile brings its own bosses such as the Corrupted Golem. Defeating this boss may unlock more content!","x":143,"y":120,"icon":{"id":"adventurez:spawn_small_stone_golem","Count":1},"prerequisites":["75dde6b6-41d5-48df-9112-5f296378de9e","f4d15738-fb64-42c6-a638-0e37164c85e5"],"tasks":[{"type":"KILL","description":"Killing Task","longDescription":"EXP Reward: N/A","mobs":[{"name":"Corrupted Golem","icon":{"id":"minecraft:infested_chiseled_stone_bricks","Count":1},"mob":"Corrupted Golem","kills":1}]}],"reward":[{"id":"minecraft:diamond","Count":4}],"rewardchoice":[{"id":"mmorpg:gear_mat/ore/ore1","Count":16},{"id":"mmorpg:gear_mat/leather/leather1","Count":16},{"id":"mmorpg:gear_mat/cloth/cloth1","Count":16}],"commandrewards":[],"reputationrewards":[{"reputation":"05c0283d-d378-4048-b379-1502302314a5","value":1}]},{"uuid":"d363cfc5-7260-4a8c-8468-02ba03a09537","name":"Identification, Please","description":"Sometimes, you\u0027ll encounter items that are unidentified and appear to have no stats. You can use an identify tome to reveal the stats on the item and make it usable.","x":104,"y":85,"icon":{"id":"mmorpg:identify_tome","Count":1},"prerequisites":["680554cc-563d-4814-8d24-84c87a51ef24"],"tasks":[{"type":"CRAFT","description":"Crafting Task","longDescription":"EXP Reward: N/A","items":[{"item":{"id":"mmorpg:identify_tome","Count":4},"required":4}]}],"reward":[{"id":"mmorpg:identify_tome","Count":2}],"commandrewards":[],"reputationrewards":[{"reputation":"05c0283d-d378-4048-b379-1502302314a5","value":1}]},{"uuid":"73f0f2b1-fcc0-413b-96e5-3f38f0f84810","name":"Thunder Attribute","description":"Kill thunder mobs. Thunder mobs can be found in mountainous biomes.","x":257,"y":15,"icon":{"id":"mmorpg:gear_mat/essences/thunder","Count":1},"repeat":{"type":"TIME","days":1,"hours":0},"tasks":[{"type":"KILL","description":"Killing Task","longDescription":"EXP Reward: N/A","mobs":[{"name":"Spark Skeleton","icon":{"id":"minecraft:skeleton_skull","Count":1},"mob":"Spark Skeleton","kills":10},{"name":"Spark Zombie","icon":{"id":"minecraft:zombie_head","Count":1},"mob":"Spark Zombie","kills":10},{"name":"Spark Spider","icon":{"id":"minecraft:spider_eye","Count":1},"mob":"Spark Spider","kills":10}]}],"reward":[{"id":"mmorpg:gear_mat/essences/thunder","Count":1}],"rewardchoice":[{"id":"minecraft:iron_block","Count":3},{"id":"minecraft:diamond_block","Count":1},{"id":"minecraft:emerald_block","Count":1}],"commandrewards":[]},{"uuid":"cc594e68-08a6-4e39-889a-1db953dd8061","name":"Water Attribute","description":"Kill water mobs. These can be found in water and colder biomes.","x":222,"y":15,"icon":{"id":"mmorpg:gear_mat/essences/water","Count":1},"repeat":{"type":"TIME","days":1,"hours":0},"tasks":[{"type":"KILL","description":"Killing Task","longDescription":"EXP Reward: N/A","mobs":[{"name":"Icy Skeleton","icon":{"id":"minecraft:skeleton_skull","Count":1},"mob":"Icy Skeleton","kills":10},{"name":"Icy Zombie","icon":{"id":"minecraft:zombie_head","Count":1},"mob":"Icy Zombie","kills":10},{"name":"Icy Spider","icon":{"id":"minecraft:spider_eye","Count":1},"mob":"Icy Spider","kills":10}]}],"reward":[{"id":"mmorpg:mat/magic_essence","Count":12},{"id":"mmorpg:gear_mat/essences/water","Count":1}],"commandrewards":[]},{"uuid":"fd0ebbbd-8e2d-4fe7-866c-0d5a6dd0580b","name":"Age of Exile","description":"Age of Exile is the mod that turns Minecraft into an ARPG. There\u0027s so much to talk about Age of Exile and what it offers. Luckily, Patchouli integration by the author provides us with a book with all the information we could want! The recipe for the book is a bone on top of a book.","x":22,"y":50,"icon":{"id":"minecraft:book","Count":1},"prerequisites":["e302f032-cfb7-43f3-ad8f-e2de0d184e62"],"tasks":[{"type":"DETECT","description":"Detection Task","longDescription":"EXP Reward: N/A","items":[{"item":{"id":"minecraft:bone","Count":1}},{"item":{"id":"minecraft:book","Count":1}}]}],"reward":[{"id":"mmorpg:mat/infused_iron","Count":1}],"commandrewards":[],"reputationrewards":[{"reputation":"05c0283d-d378-4048-b379-1502302314a5","value":1}]},{"uuid":"8f8e5c80-50bb-4599-b5b5-3114a180cdba","name":"Setting Up Camp","description":"Gather some materials to set up camp. In [Harmony], invasions will occur every few nights. So best be ready to defend yourself!","x":65,"y":15,"icon":{"id":"minecraft:cobblestone","Count":1},"prerequisites":["e302f032-cfb7-43f3-ad8f-e2de0d184e62"],"tasks":[{"type":"BLOCK_PLACE","longDescription":"EXP Reward: N/A","items":[{"item":{"id":"minecraft:cobblestone","Count":16},"required":16}]}],"reward":[{"id":"minecraft:furnace","Count":1}],"commandrewards":["/age_of_exile give exp @p 150"],"reputationrewards":[{"reputation":"05c0283d-d378-4048-b379-1502302314a5","value":1}]},{"uuid":"680554cc-563d-4814-8d24-84c87a51ef24","name":"Crafting Gear","description":"In [Harmony], you can craft all sorts of gear! All gear is compatible and follows a very loose progression system. You can craft gear from Age of Exile which tends to be stronger than gear crafted from other mods or vanilla. Try crafting a  vanilla wooden sword, and a sword from Age of Exile to see the differences!","x":65,"y":85,"icon":{"id":"mmorpg:weapon/sword/sword0","Count":1,"tag":{"Damage":0}},"prerequisites":["10b89571-a555-417c-89f5-abcaf798884f","fd0ebbbd-8e2d-4fe7-866c-0d5a6dd0580b"],"tasks":[{"type":"CRAFT","description":"Crafting Task","longDescription":"EXP Reward: N/A","items":[{"item":{"id":"minecraft:wooden_sword","Count":1,"tag":{"Damage":0}},"precision":"TAG_NBT_FUZZY"},{"item":{"id":"mmorpg:weapon/sword/sword0","Count":1,"tag":{"Damage":0}},"precision":"TAG_NBT_FUZZY"}]}],"rewardchoice":[{"id":"mmorpg:gear_mat/ore/ore0","Count":10},{"id":"mmorpg:gear_mat/leather/leather0","Count":10},{"id":"mmorpg:gear_mat/cloth/cloth0","Count":10}],"commandrewards":[],"reputationrewards":[{"reputation":"05c0283d-d378-4048-b379-1502302314a5","value":1}]},{"uuid":"93b34d1e-e74c-46d8-ad28-f3a512fc1b12","name":"Stations, Everyone!","description":"Gear obtained across dimensions tends to pile up in your inventory. In fact, what even are runes and gems? In [Harmony], stations are available for you to craft to give you options on enhancing your gear or salvaging them. The modify station allows you to apply \"currencies\" to your gear to reroll, or completely change its stats. The salvage station disassembles gear into crafting components. The repair station can repair your damaged gear - but at a cost. Lastly, the socket station lets you insert runes and gems into your socket-able gear to power up your gear!","x":22,"y":85,"icon":{"id":"mmorpg:repair_station","Count":1},"prerequisites":["fd0ebbbd-8e2d-4fe7-866c-0d5a6dd0580b"],"tasks":[{"type":"CRAFT","description":"Crafting Task","longDescription":"EXP Reward: N/A","items":[{"item":{"id":"mmorpg:modify_station","Count":1}},{"item":{"id":"mmorpg:repair_station","Count":1}},{"item":{"id":"mmorpg:salvage_station","Count":1}},{"item":{"id":"mmorpg:socket_station","Count":1}}]}],"reward":[{"id":"mmorpg:gems/tourmaline/0","Count":1},{"id":"mmorpg:gems/azurite/0","Count":1}],"rewardchoice":[{"id":"mmorpg:runes/cen","Count":1},{"id":"mmorpg:runes/ano","Count":1}],"commandrewards":[],"reputationrewards":[{"reputation":"05c0283d-d378-4048-b379-1502302314a5","value":1}]},{"uuid":"931466cc-4388-426d-9917-5a228d673b74","name":"Nature Attribute","description":"Kill nature mobs. Nature mobs can be found more commonly in forest and jungle biomes.","x":292,"y":15,"icon":{"id":"mmorpg:gear_mat/essences/nature","Count":1},"repeat":{"type":"TIME","days":1,"hours":0},"tasks":[{"type":"KILL","description":"Killing Task","longDescription":"EXP Reward: N/A","mobs":[{"name":"Tera Skeleton","icon":{"id":"minecraft:skeleton_skull","Count":1},"mob":"Tera Skeleton","kills":10},{"name":"Tera Zombie","icon":{"id":"minecraft:zombie_head","Count":1},"mob":"Tera Zombie","kills":10},{"name":"Tera Spider","icon":{"id":"minecraft:spider_eye","Count":1},"mob":"Tera Spider","kills":10}]}],"reward":[{"id":"mmorpg:gear_mat/essences/nature","Count":1}],"rewardchoice":[{"id":"mmorpg:currency/orb_of_transmutation","Count":2},{"id":"mmorpg:currency/number_reroll","Count":2}],"commandrewards":[]},{"uuid":"75dde6b6-41d5-48df-9112-5f296378de9e","name":"Skill Gems","description":"In [Harmony], skills are gems that you equip to your spell bar rather than learn via a skill tree (this is subject to change). Press H to access the HUB to equip skill gems.","x":143,"y":50,"icon":{"id":"mmorpg:skill_gems/fireball","Count":1},"prerequisites":["377a2926-20c4-43aa-9309-6a3e9f148f75"],"tasks":[{"type":"KILL","description":"Killing Task","longDescription":"EXP Reward: N/A","mobs":[{"name":"Skeleton","icon":{"id":"minecraft:skeleton_skull","Count":1},"mob":"Skeleton","kills":4}]}],"rewardchoice":[{"id":"mmorpg:skill_gems/fireball","Count":1},{"id":"mmorpg:skill_gems/arrow_barrage","Count":1},{"id":"mmorpg:skill_gems/bravery","Count":1}],"commandrewards":[],"reputationrewards":[{"reputation":"05c0283d-d378-4048-b379-1502302314a5","value":1}]},{"uuid":"e5387e73-362d-4cf6-90ac-4659e3846d3c","name":"Defensive Procedures","description":"In [Harmony], invasions occur every few days. Trap Expansion is a mod that brings in various traps to help you defend against invasions on your home!","x":104,"y":15,"icon":{"id":"trapexpansion:spike_trap","Count":1},"prerequisites":["8f8e5c80-50bb-4599-b5b5-3114a180cdba"],"tasks":[{"type":"CRAFT","description":"Crafting Task","longDescription":"EXP Reward: N/A","items":[{"item":{"id":"trapexpansion:spike_trap","Count":1}},{"item":{"id":"trapexpansion:fan","Count":1}}]}],"reward":[{"id":"minecraft:iron_ingot","Count":4}],"commandrewards":["/age_of_exile give exp @p 1000"],"reputationrewards":[{"reputation":"05c0283d-d378-4048-b379-1502302314a5","value":1}]},{"uuid":"e302f032-cfb7-43f3-ad8f-e2de0d184e62","name":"Just Vanilla","description":"Like most Minecraft scenarios, one of the first things you do is craft a crafting table.","x":19,"y":12,"bigicon":true,"icon":{"id":"minecraft:crafting_table","Count":1},"tasks":[{"type":"DETECT","description":"Item Detect","longDescription":"EXP Reward: N/A","items":[{"item":{"id":"minecraft:crafting_table","Count":1}}]}],"reward":[{"id":"mmorpg:newbie_gear_bag","Count":1},{"id":"minecraft:apple","Count":8}],"commandrewards":["/age_of_exile give exp @p 100"],"reputationrewards":[{"reputation":"05c0283d-d378-4048-b379-1502302314a5","value":1}]}],"reputationBar":[]}