{
  "id": "water_ele_sword",
  "weight": 1000,
  "rarity": 1,
  "tier": 0,
  "registry": "unique_gear",
  "lang_file_string": "item.mmorpg.uniques.weapon.water_ele_sword",
  "lang_file_desc_string": "item.mmorpg.uniques.weapon.water_ele_sword.desc",
  "unique_stats": [
    {
      "firstMin": 1.0,
      "firstMax": 3.0,
      "secondMin": 4.0,
      "secondMax": 12.0,
      "stat": "water_weapon_damage",
      "type": "flat"
    },
    {
      "firstMin": 15.0,
      "firstMax": 30.0,
      "secondMin": 0.0,
      "secondMax": 0.0,
      "stat": "water_weapon_damage",
      "type": "local_increase"
    },
    {
      "firstMin": 15.0,
      "firstMax": 30.0,
      "secondMin": 0.0,
      "secondMax": 0.0,
      "stat": "frost_bonus_dmg",
      "type": "flat"
    },
    {
      "firstMin": 0.5,
      "firstMax": 0.75,
      "secondMin": 0.0,
      "secondMax": 0.0,
      "stat": "intelligence_flat_stat_req",
      "type": "flat"
    }
  ],
  "gear_type": "sword3",
  "item_id": "mmorpg:uniques/weapon/water_ele_sword"
}