{
  "id": "inner_conflux",
  "weight": 1000,
  "rarity": 1,
  "tier": 0,
  "registry": "unique_gear",
  "lang_file_string": "item.mmorpg.uniques.armor.inner_conflux",
  "lang_file_desc_string": "item.mmorpg.uniques.armor.inner_conflux.desc",
  "unique_stats": [
    {
      "firstMin": 5.0,
      "firstMax": 15.0,
      "secondMin": 0.0,
      "secondMax": 0.0,
      "stat": "magic_shield",
      "type": "flat"
    },
    {
      "firstMin": 10.0,
      "firstMax": 30.0,
      "secondMin": 0.0,
      "secondMax": 0.0,
      "stat": "magic_shield",
      "type": "local_increase"
    },
    {
      "firstMin": 1.0,
      "firstMax": 2.0,
      "secondMin": 0.0,
      "secondMax": 0.0,
      "stat": "mana_per_sec",
      "type": "flat"
    },
    {
      "firstMin": 1.0,
      "firstMax": 2.0,
      "secondMin": 0.0,
      "secondMax": 0.0,
      "stat": "magic_shield_per_sec",
      "type": "flat"
    },
    {
      "firstMin": -8.0,
      "firstMax": -3.0,
      "secondMin": 0.0,
      "secondMax": 0.0,
      "stat": "health",
      "type": "flat"
    },
    {
      "firstMin": 0.4,
      "firstMax": 0.6,
      "secondMin": 0.0,
      "secondMax": 0.0,
      "stat": "intelligence_flat_stat_req",
      "type": "flat"
    }
  ],
  "gear_type": "cloth_helmet4",
  "item_id": "mmorpg:uniques/armor/inner_conflux"
}