{
  "repurposed_structures:shipwrecks": {
    "criteria": {
      "always": "2020-09-08 16:47:44 -0400"
    },
    "done": true
  },
  "minecraft:recipes/redstone/dispenser": {
    "criteria": {
      "has_bow": "2020-09-09 14:26:24 -0400"
    },
    "done": true
  },
  "repurposed_structures:fortresses": {
    "criteria": {
      "always": "2020-09-08 16:47:44 -0400"
    },
    "done": true
  },
  "repurposed_structures:outposts": {
    "criteria": {
      "always": "2020-09-08 16:47:44 -0400"
    },
    "done": true
  },
  "repurposed_structures:igloos": {
    "criteria": {
      "always": "2020-09-08 16:47:44 -0400"
    },
    "done": true
  },
  "repurposed_structures:pyramids": {
    "criteria": {
      "always": "2020-09-08 16:47:44 -0400"
    },
    "done": true
  },
  "minecraft:recipes/decorations/chest": {
    "criteria": {
      "has_lots_of_items": "2020-09-09 14:28:20 -0400"
    },
    "done": true
  },
  "repurposed_structures:temples": {
    "criteria": {
      "always": "2020-09-08 16:47:44 -0400"
    },
    "done": true
  },
  "minecraft:story/root": {
    "criteria": {
      "crafting_table": "2020-09-08 16:49:53 -0400"
    },
    "done": true
  },
  "repurposed_structures:villages": {
    "criteria": {
      "always": "2020-09-08 16:47:44 -0400"
    },
    "done": true
  },
  "repurposed_structures:mineshafts": {
    "criteria": {
      "always": "2020-09-08 16:47:44 -0400"
    },
    "done": true
  },
  "repurposed_structures:strongholds": {
    "criteria": {
      "always": "2020-09-08 16:47:44 -0400"
    },
    "done": true
  },
  "minecraft:adventure/adventuring_time": {
    "criteria": {
      "minecraft:beach": "2020-09-08 16:48:11 -0400",
      "minecraft:plains": "2020-09-08 16:47:43 -0400"
    },
    "done": false
  },
  "repurposed_structures:root": {
    "criteria": {
      "always": "2020-09-08 16:47:44 -0400"
    },
    "done": true
  },
  "DataVersion": 2578
}