{
  "repurposed_structures:villages": {
    "criteria": {
      "always": "2020-12-01 15:08:13 -0500"
    },
    "done": true
  },
  "minecraft:recipes/decorations/campfire": {
    "criteria": {
      "has_coal": "2020-12-03 16:45:49 -0500"
    },
    "done": true
  },
  "repurposed_structures:shipwrecks": {
    "criteria": {
      "always": "2020-12-01 15:08:13 -0500"
    },
    "done": true
  },
  "repurposed_structures:fortresses": {
    "criteria": {
      "always": "2020-12-01 15:08:13 -0500"
    },
    "done": true
  },
  "repurposed_structures:outposts": {
    "criteria": {
      "always": "2020-12-01 15:08:13 -0500"
    },
    "done": true
  },
  "repurposed_structures:igloos": {
    "criteria": {
      "always": "2020-12-01 15:08:13 -0500"
    },
    "done": true
  },
  "repurposed_structures:pyramids": {
    "criteria": {
      "always": "2020-12-01 15:08:13 -0500"
    },
    "done": true
  },
  "minecraft:recipes/building_blocks/coal_block": {
    "criteria": {
      "has_coal": "2020-12-03 16:45:49 -0500"
    },
    "done": true
  },
  "repurposed_structures:mineshafts": {
    "criteria": {
      "always": "2020-12-01 15:08:13 -0500"
    },
    "done": true
  },
  "repurposed_structures:strongholds": {
    "criteria": {
      "always": "2020-12-01 15:08:13 -0500"
    },
    "done": true
  },
  "repurposed_structures:temples": {
    "criteria": {
      "always": "2020-12-01 15:08:13 -0500"
    },
    "done": true
  },
  "repurposed_structures:root": {
    "criteria": {
      "always": "2020-12-01 15:08:13 -0500"
    },
    "done": true
  },
  "DataVersion": 2578
}