{"stats":{"minecraft:used":{"mmorpg:socket_station":1,"minecraft:crafting_table":1},"minecraft:dropped":{"mmorpg:runes/ita":1,"mmorpg:runes/xer":1,"mmorpg:runes/ano":1,"mmorpg:weapon/axe/axe4":4,"mmorpg:runes/nos":2,"mmorpg:armor/cloth/chest/cloth_chest0":1},"minecraft:custom":{"minecraft:time_since_rest":508070,"minecraft:play_one_minute":508070,"minecraft:crouch_one_cm":77,"minecraft:leave_game":10,"minecraft:sprint_one_cm":5611,"minecraft:damage_taken":280,"minecraft:time_since_death":508070,"minecraft:walk_one_cm":106343,"minecraft:sneak_time":115,"minecraft:interact_with_crafting_table":1,"minecraft:fall_one_cm":269,"minecraft:drop":10,"minecraft:fly_one_cm":8488,"minecraft:jump":27},"minecraft:picked_up":{"mmorpg:runes/xer":1,"mmorpg:runes/nos":1}},"DataVersion":2578}