{
  "affixes": {
    "min_amount": 0,
    "max_amount": 0,
    "chance_for_more": 0
  },
  "sockets": {
    "min_amount": 3,
    "max_amount": 5,
    "chance_for_more": 20
  },
  "default_stat_percents": {
    "min": 0,
    "max": 100
  },
  "secondaryStatPercents": {
    "min": 0,
    "max": 100
  },
  "affix_stat_percents": {
    "min": 0,
    "max": 100
  },
  "unique_stat_percents": {
    "min": 0,
    "max": 100
  },
  "item_tier_power": 1.5,
  "item_value_multi": 1.5,
  "stat_req_multi": 1.0,
  "unidentified_chance": 20,
  "spawn_durability_hit": {
    "min": 60,
    "max": 80
  },
  "rarity_type": "GEAR",
  "rank": 5,
  "weight": 200,
  "text_format": "GOLD",
  "loc_name_id": "mmorpg.rarity.gear.relic",
  "loc_name": "Relic",
  "guid": "relic"
}