{
  "affixes": {
    "min_amount": 0,
    "max_amount": 0,
    "chance_for_more": 0
  },
  "sockets": {
    "min_amount": 0,
    "max_amount": 0,
    "chance_for_more": 0
  },
  "default_stat_percents": {
    "min": 0,
    "max": 100
  },
  "secondaryStatPercents": {
    "min": 0,
    "max": 100
  },
  "affix_stat_percents": {
    "min": 0,
    "max": 100
  },
  "unique_stat_percents": {
    "min": 0,
    "max": 100
  },
  "item_tier_power": 2.0,
  "item_value_multi": 2.0,
  "stat_req_multi": 1.0,
  "unidentified_chance": 25,
  "spawn_durability_hit": {
    "min": 60,
    "max": 80
  },
  "rarity_type": "GEAR",
  "rank": 10,
  "weight": 0,
  "text_format": "RED",
  "loc_name_id": "mmorpg.rarity.gear.unique",
  "loc_name": "Unique",
  "guid": "unique"
}