[
  {
    "uuid": "66c27608-2493-46e9-9553-ff38a6b6d84e",
    "name": "XihuanXigua",
    "lives": 3,
    "team": {
      "id": "00000000-0000-0000-0000-000000000000",
      "lifeSetting": "SHARE",
      "rewardSetting": "ALL",
      "players": [
        {
          "uuid": "66c27608-2493-46e9-9553-ff38a6b6d84e",
          "owner": true,
          "bookOpen": false,
          "inTeam": true,
          "name": "XihuanXigua"
        }
      ],
      "reputations": [],
      "questDataList": [
        {
          "questId": "fe5fa555-e86d-4c23-b65e-8a9b27e443e5",
          "questData": {
            "players": 1,
            "rewards": [
              false
            ],
            "completed": false,
            "claimed": false,
            "available": true,
            "time": 0,
            "tasksSize": 1,
            "tasks": [
              {
                "type": "MOB",
                "completed": false,
                "count": 1,
                "killed": [
                  0
                ]
              }
            ]
          }
        },
        {
          "questId": "35178b05-9dfd-4fee-beab-0c1cf49fcf2a",
          "questData": {
            "players": 1,
            "rewards": [
              false
            ],
            "completed": false,
            "claimed": false,
            "available": true,
            "time": 0,
            "tasksSize": 1,
            "tasks": [
              {
                "type": "MOB",
                "completed": false,
                "count": 1,
                "killed": [
                  0
                ]
              }
            ]
          }
        },
        {
          "questId": "b9348176-487c-4c46-8d6b-193f331b3b34",
          "questData": {
            "players": 1,
            "rewards": [
              false
            ],
            "completed": false,
            "claimed": false,
            "available": true,
            "time": 0,
            "tasksSize": 1,
            "tasks": [
              {
                "type": "ITEMS",
                "completed": false,
                "count": 1,
                "progress": [
                  0
                ]
              }
            ]
          }
        },
        {
          "questId": "ff1e4d39-ea2e-4c4f-b6d4-701a49d680d7",
          "questData": {
            "players": 1,
            "rewards": [
              false
            ],
            "completed": false,
            "claimed": false,
            "available": true,
            "time": 0,
            "tasksSize": 1,
            "tasks": [
              {
                "type": "ITEMS",
                "completed": false,
                "count": 3,
                "progress": [
                  0,
                  0,
                  0
                ]
              }
            ]
          }
        },
        {
          "questId": "653d9478-e9a6-46f6-8133-285c8de5b695",
          "questData": {
            "players": 1,
            "rewards": [
              false
            ],
            "completed": false,
            "claimed": false,
            "available": true,
            "time": 0,
            "tasksSize": 1,
            "tasks": [
              {
                "type": "ITEMS",
                "completed": false,
                "count": 2,
                "progress": [
                  0,
                  0
                ]
              }
            ]
          }
        },
        {
          "questId": "00f8f61e-1536-4f72-93d9-b947301788a1",
          "questData": {
            "players": 1,
            "rewards": [
              false
            ],
            "completed": false,
            "claimed": false,
            "available": true,
            "time": 0,
            "tasksSize": 1,
            "tasks": [
              {
                "type": "MOB",
                "completed": false,
                "count": 1,
                "killed": [
                  0
                ]
              }
            ]
          }
        },
        {
          "questId": "742fee6b-7d8a-4250-acd7-cf15f06dff3a",
          "questData": {
            "players": 1,
            "rewards": [
              false
            ],
            "completed": false,
            "claimed": false,
            "available": true,
            "time": 0,
            "tasksSize": 1,
            "tasks": [
              {
                "type": "ITEMS",
                "completed": false,
                "count": 4,
                "progress": [
                  0,
                  0,
                  0,
                  0
                ]
              }
            ]
          }
        },
        {
          "questId": "82e5b8d3-4e76-434d-bbf6-44a6171e8bc8",
          "questData": {
            "players": 1,
            "rewards": [
              false
            ],
            "completed": false,
            "claimed": false,
            "available": true,
            "time": 0,
            "tasksSize": 1,
            "tasks": [
              {
                "type": "ITEMS",
                "completed": false,
                "count": 1,
                "progress": [
                  0
                ]
              }
            ]
          }
        },
        {
          "questId": "8330ae49-0754-4e25-91dc-d5ed15704747",
          "questData": {
            "players": 1,
            "rewards": [
              false
            ],
            "completed": false,
            "claimed": false,
            "available": true,
            "time": 0,
            "tasksSize": 1,
            "tasks": [
              {
                "type": "MOB",
                "completed": false,
                "count": 3,
                "killed": [
                  0,
                  0,
                  0
                ]
              }
            ]
          }
        },
        {
          "questId": "c9c81a94-3d09-41c0-996b-3c042bbca348",
          "questData": {
            "players": 1,
            "rewards": [
              false
            ],
            "completed": false,
            "claimed": false,
            "available": true,
            "time": 0,
            "tasksSize": 1,
            "tasks": [
              {
                "type": "ITEMS",
                "completed": false,
                "count": 1,
                "progress": [
                  0
                ]
              }
            ]
          }
        },
        {
          "questId": "c4a504f1-74f5-4c6d-8386-a317ae4b7586",
          "questData": {
            "players": 1,
            "rewards": [
              false
            ],
            "completed": false,
            "claimed": false,
            "available": true,
            "time": 0,
            "tasksSize": 1,
            "tasks": [
              {
                "type": "ITEMS",
                "completed": false,
                "count": 1,
                "progress": [
                  0
                ]
              }
            ]
          }
        },
        {
          "questId": "4a786f08-3ad3-4678-a471-f3c5b2ce7f30",
          "questData": {
            "players": 1,
            "rewards": [
              false
            ],
            "completed": false,
            "claimed": false,
            "available": true,
            "time": 0,
            "tasksSize": 1,
            "tasks": [
              {
                "type": "MOB",
                "completed": false,
                "count": 1,
                "killed": [
                  0
                ]
              }
            ]
          }
        },
        {
          "questId": "37d96432-790a-4a8d-90c8-0a34f09b7d9a",
          "questData": {
            "players": 1,
            "rewards": [
              false
            ],
            "completed": false,
            "claimed": false,
            "available": true,
            "time": 0,
            "tasksSize": 1,
            "tasks": [
              {
                "type": "ITEMS",
                "completed": false,
                "count": 1,
                "progress": [
                  0
                ]
              }
            ]
          }
        },
        {
          "questId": "7a6decd2-ab92-467c-a693-01f138c8f1e8",
          "questData": {
            "players": 1,
            "rewards": [
              false
            ],
            "completed": false,
            "claimed": false,
            "available": true,
            "time": 0,
            "tasksSize": 1,
            "tasks": [
              {
                "type": "ITEMS",
                "completed": false,
                "count": 2,
                "progress": [
                  0,
                  0
                ]
              }
            ]
          }
        },
        {
          "questId": "21f6ea18-0d47-4b9e-9753-073fd2acec64",
          "questData": {
            "players": 1,
            "rewards": [
              false
            ],
            "completed": false,
            "claimed": false,
            "available": true,
            "time": 0,
            "tasksSize": 1,
            "tasks": [
              {
                "type": "MOB",
                "completed": false,
                "count": 1,
                "killed": [
                  0
                ]
              }
            ]
          }
        },
        {
          "questId": "fb4f32fc-36b2-479f-8411-764885b8baeb",
          "questData": {
            "players": 1,
            "rewards": [
              false
            ],
            "completed": false,
            "claimed": false,
            "available": true,
            "time": 0,
            "tasksSize": 1,
            "tasks": [
              {
                "type": "ITEMS",
                "completed": false,
                "count": 1,
                "progress": [
                  0
                ]
              }
            ]
          }
        },
        {
          "questId": "ebbe3ea8-f871-4364-adb0-785b4c929eee",
          "questData": {
            "players": 1,
            "rewards": [
              false
            ],
            "completed": false,
            "claimed": false,
            "available": true,
            "time": 0,
            "tasksSize": 1,
            "tasks": [
              {
                "type": "ITEMS",
                "completed": false,
                "count": 2,
                "progress": [
                  0,
                  0
                ]
              }
            ]
          }
        },
        {
          "questId": "39578fa1-aaf7-49c7-9dda-5829be9e593e",
          "questData": {
            "players": 1,
            "rewards": [
              false
            ],
            "completed": false,
            "claimed": false,
            "available": true,
            "time": 0,
            "tasksSize": 1,
            "tasks": [
              {
                "type": "ITEMS",
                "completed": false,
                "count": 4,
                "progress": [
                  0,
                  0,
                  0,
                  0
                ]
              }
            ]
          }
        },
        {
          "questId": "8aad9b45-fa38-403d-b197-90c84fe41bc1",
          "questData": {
            "players": 1,
            "rewards": [
              false
            ],
            "completed": false,
            "claimed": false,
            "available": true,
            "time": 0,
            "tasksSize": 1,
            "tasks": [
              {
                "type": "MOB",
                "completed": false,
                "count": 3,
                "killed": [
                  0,
                  0,
                  0
                ]
              }
            ]
          }
        },
        {
          "questId": "ee5aa080-a916-4de6-aadb-72b37034b76f",
          "questData": {
            "players": 1,
            "rewards": [
              false
            ],
            "completed": false,
            "claimed": false,
            "available": true,
            "time": 0,
            "tasksSize": 1,
            "tasks": [
              {
                "type": "MOB",
                "completed": false,
                "count": 1,
                "killed": [
                  0
                ]
              }
            ]
          }
        },
        {
          "questId": "9a3331e6-b398-4855-85c1-656060ac5a89",
          "questData": {
            "players": 1,
            "rewards": [
              false
            ],
            "completed": false,
            "claimed": false,
            "available": true,
            "time": 0,
            "tasksSize": 1,
            "tasks": [
              {
                "type": "ITEMS",
                "completed": false,
                "count": 1,
                "progress": [
                  0
                ]
              }
            ]
          }
        },
        {
          "questId": "4fd917cd-ec6b-4d46-b2bd-859af597ed95",
          "questData": {
            "players": 1,
            "rewards": [
              false
            ],
            "completed": false,
            "claimed": false,
            "available": true,
            "time": 0,
            "tasksSize": 1,
            "tasks": [
              {
                "type": "MOB",
                "completed": false,
                "count": 1,
                "killed": [
                  0
                ]
              }
            ]
          }
        },
        {
          "questId": "77d4b00f-959c-4316-9b58-00fa1e780d96",
          "questData": {
            "players": 1,
            "rewards": [
              false
            ],
            "completed": false,
            "claimed": false,
            "available": true,
            "time": 0,
            "tasksSize": 1,
            "tasks": [
              {
                "type": "MOB",
                "completed": false,
                "count": 1,
                "killed": [
                  0
                ]
              }
            ]
          }
        },
        {
          "questId": "2688a31e-db31-4c96-9b01-5de5f225456d",
          "questData": {
            "players": 1,
            "rewards": [
              false
            ],
            "completed": false,
            "claimed": false,
            "available": true,
            "time": 0,
            "tasksSize": 0,
            "tasks": []
          }
        },
        {
          "questId": "6eb0f802-2cf2-4a27-9fac-3271ece9c9cd",
          "questData": {
            "players": 1,
            "rewards": [
              false
            ],
            "completed": false,
            "claimed": false,
            "available": true,
            "time": 0,
            "tasksSize": 1,
            "tasks": [
              {
                "type": "ITEMS",
                "completed": false,
                "count": 1,
                "progress": [
                  0
                ]
              }
            ]
          }
        },
        {
          "questId": "af0b44be-e0cc-43bb-a4f1-4847b739c6d2",
          "questData": {
            "players": 1,
            "rewards": [
              false
            ],
            "completed": false,
            "claimed": false,
            "available": true,
            "time": 0,
            "tasksSize": 1,
            "tasks": [
              {
                "type": "MOB",
                "completed": false,
                "count": 1,
                "killed": [
                  0
                ]
              }
            ]
          }
        },
        {
          "questId": "a4ae0d8b-38fd-491e-a801-0d8fe65664bc",
          "questData": {
            "players": 1,
            "rewards": [
              false
            ],
            "completed": false,
            "claimed": false,
            "available": true,
            "time": 0,
            "tasksSize": 1,
            "tasks": [
              {
                "type": "MOB",
                "completed": false,
                "count": 1,
                "killed": [
                  0
                ]
              }
            ]
          }
        },
        {
          "questId": "316a6b1a-5bcd-4a05-b4b7-379b44311286",
          "questData": {
            "players": 1,
            "rewards": [
              false
            ],
            "completed": false,
            "claimed": false,
            "available": true,
            "time": 0,
            "tasksSize": 1,
            "tasks": [
              {
                "type": "MOB",
                "completed": false,
                "count": 1,
                "killed": [
                  0
                ]
              }
            ]
          }
        },
        {
          "questId": "3318c7ac-8f13-4ebc-ad10-914636986e76",
          "questData": {
            "players": 1,
            "rewards": [
              false
            ],
            "completed": false,
            "claimed": false,
            "available": true,
            "time": 0,
            "tasksSize": 1,
            "tasks": [
              {
                "type": "ITEMS",
                "completed": false,
                "count": 1,
                "progress": [
                  0
                ]
              }
            ]
          }
        },
        {
          "questId": "ecb4f28a-eb57-4d95-8ecb-be9ceb49e4c6",
          "questData": {
            "players": 1,
            "rewards": [
              false
            ],
            "completed": false,
            "claimed": false,
            "available": true,
            "time": 0,
            "tasksSize": 1,
            "tasks": [
              {
                "type": "ITEMS",
                "completed": false,
                "count": 1,
                "progress": [
                  0
                ]
              }
            ]
          }
        },
        {
          "questId": "8d2a72e9-fef5-4d15-8e05-95cad3df8316",
          "questData": {
            "players": 1,
            "rewards": [
              false
            ],
            "completed": false,
            "claimed": false,
            "available": true,
            "time": 0,
            "tasksSize": 1,
            "tasks": [
              {
                "type": "ITEMS",
                "completed": false,
                "count": 1,
                "progress": [
                  0
                ]
              }
            ]
          }
        },
        {
          "questId": "b2b06f06-4026-43a8-a9fa-f30bb72d1442",
          "questData": {
            "players": 1,
            "rewards": [
              false
            ],
            "completed": false,
            "claimed": false,
            "available": true,
            "time": 0,
            "tasksSize": 1,
            "tasks": [
              {
                "type": "ITEMS",
                "completed": false,
                "count": 1,
                "progress": [
                  0
                ]
              }
            ]
          }
        },
        {
          "questId": "a974bb9f-fb1c-437e-aff3-a1cf783016a2",
          "questData": {
            "players": 1,
            "rewards": [
              false
            ],
            "completed": false,
            "claimed": false,
            "available": true,
            "time": 0,
            "tasksSize": 1,
            "tasks": [
              {
                "type": "ITEMS",
                "completed": false,
                "count": 1,
                "progress": [
                  0
                ]
              }
            ]
          }
        },
        {
          "questId": "18d211d5-f65c-45e7-9a6b-78304f20836d",
          "questData": {
            "players": 1,
            "rewards": [
              false
            ],
            "completed": false,
            "claimed": false,
            "available": true,
            "time": 0,
            "tasksSize": 1,
            "tasks": [
              {
                "type": "MOB",
                "completed": false,
                "count": 1,
                "killed": [
                  0
                ]
              }
            ]
          }
        },
        {
          "questId": "03b6069e-a4bd-4f91-9449-59e49409b70d",
          "questData": {
            "players": 1,
            "rewards": [
              false
            ],
            "completed": false,
            "claimed": false,
            "available": true,
            "time": 0,
            "tasksSize": 1,
            "tasks": [
              {
                "type": "ITEMS",
                "completed": false,
                "count": 1,
                "progress": [
                  0
                ]
              }
            ]
          }
        },
        {
          "questId": "7ac3735e-6604-44c8-86ef-7f538d1d64de",
          "questData": {
            "players": 1,
            "rewards": [
              false
            ],
            "completed": false,
            "claimed": false,
            "available": true,
            "time": 0,
            "tasksSize": 1,
            "tasks": [
              {
                "type": "MOB",
                "completed": false,
                "count": 4,
                "killed": [
                  0,
                  0,
                  0,
                  0
                ]
              }
            ]
          }
        },
        {
          "questId": "02d59d20-55f9-414d-9eee-3452de1a2e49",
          "questData": {
            "players": 1,
            "rewards": [
              false
            ],
            "completed": false,
            "claimed": false,
            "available": true,
            "time": 0,
            "tasksSize": 1,
            "tasks": [
              {
                "type": "MOB",
                "completed": false,
                "count": 1,
                "killed": [
                  0
                ]
              }
            ]
          }
        },
        {
          "questId": "c634f85c-5542-4e92-b294-88af7a781249",
          "questData": {
            "players": 1,
            "rewards": [
              false
            ],
            "completed": false,
            "claimed": false,
            "available": true,
            "time": 0,
            "tasksSize": 1,
            "tasks": [
              {
                "type": "MOB",
                "completed": false,
                "count": 1,
                "killed": [
                  0
                ]
              }
            ]
          }
        },
        {
          "questId": "8075c9a8-db5a-4d36-98c3-22897e47890e",
          "questData": {
            "players": 1,
            "rewards": [
              false
            ],
            "completed": false,
            "claimed": false,
            "available": true,
            "time": 0,
            "tasksSize": 1,
            "tasks": [
              {
                "type": "ITEMS",
                "completed": false,
                "count": 2,
                "progress": [
                  0,
                  0
                ]
              }
            ]
          }
        },
        {
          "questId": "f4992ee1-a265-4d8f-a54e-3337ed584487",
          "questData": {
            "players": 1,
            "rewards": [
              false
            ],
            "completed": false,
            "claimed": false,
            "available": true,
            "time": 0,
            "tasksSize": 1,
            "tasks": [
              {
                "type": "ITEMS",
                "completed": false,
                "count": 2,
                "progress": [
                  0,
                  0
                ]
              }
            ]
          }
        },
        {
          "questId": "8979693c-0d94-45d9-a289-03b33795cf91",
          "questData": {
            "players": 1,
            "rewards": [
              false
            ],
            "completed": false,
            "claimed": false,
            "available": true,
            "time": 0,
            "tasksSize": 1,
            "tasks": [
              {
                "type": "ITEMS",
                "completed": false,
                "count": 2,
                "progress": [
                  0,
                  0
                ]
              }
            ]
          }
        },
        {
          "questId": "56b6b7af-6734-4ef6-883f-94160ab09ff4",
          "questData": {
            "players": 1,
            "rewards": [
              false
            ],
            "completed": false,
            "claimed": false,
            "available": true,
            "time": 0,
            "tasksSize": 1,
            "tasks": [
              {
                "type": "MOB",
                "completed": false,
                "count": 1,
                "killed": [
                  0
                ]
              }
            ]
          }
        },
        {
          "questId": "ad50a3e9-bcbc-4fc0-a8f4-2750d41f01c6",
          "questData": {
            "players": 1,
            "rewards": [
              false
            ],
            "completed": false,
            "claimed": false,
            "available": true,
            "time": 0,
            "tasksSize": 1,
            "tasks": [
              {
                "type": "ITEMS",
                "completed": false,
                "count": 1,
                "progress": [
                  0
                ]
              }
            ]
          }
        },
        {
          "questId": "1fc5e416-0277-4947-b0e4-66aca79bca09",
          "questData": {
            "players": 1,
            "rewards": [
              false
            ],
            "completed": false,
            "claimed": false,
            "available": true,
            "time": 0,
            "tasksSize": 1,
            "tasks": [
              {
                "type": "ITEMS",
                "completed": false,
                "count": 2,
                "progress": [
                  0,
                  0
                ]
              }
            ]
          }
        },
        {
          "questId": "5b1db2b0-8434-4125-acc3-765c4efe3066",
          "questData": {
            "players": 1,
            "rewards": [
              false
            ],
            "completed": false,
            "claimed": false,
            "available": true,
            "time": 0,
            "tasksSize": 1,
            "tasks": [
              {
                "type": "MOB",
                "completed": false,
                "count": 4,
                "killed": [
                  0,
                  0,
                  0,
                  0
                ]
              }
            ]
          }
        },
        {
          "questId": "e934ad60-4865-41f2-afb6-c892b9cb4497",
          "questData": {
            "players": 1,
            "rewards": [
              false
            ],
            "completed": false,
            "claimed": false,
            "available": true,
            "time": 0,
            "tasksSize": 1,
            "tasks": [
              {
                "type": "ITEMS",
                "completed": false,
                "count": 2,
                "progress": [
                  0,
                  0
                ]
              }
            ]
          }
        },
        {
          "questId": "56a092c7-e9ab-4b5a-8dcb-29a13ae4d9a3",
          "questData": {
            "players": 1,
            "rewards": [
              false
            ],
            "completed": false,
            "claimed": false,
            "available": true,
            "time": 0,
            "tasksSize": 1,
            "tasks": [
              {
                "type": "ITEMS",
                "completed": false,
                "count": 1,
                "progress": [
                  0
                ]
              }
            ]
          }
        },
        {
          "questId": "a5ec5052-1ca6-43f7-8a2a-97584b78d159",
          "questData": {
            "players": 1,
            "rewards": [
              false
            ],
            "completed": false,
            "claimed": false,
            "available": true,
            "time": 0,
            "tasksSize": 1,
            "tasks": [
              {
                "type": "ITEMS",
                "completed": false,
                "count": 1,
                "progress": [
                  0
                ]
              }
            ]
          }
        },
        {
          "questId": "03574ea8-705e-40da-845b-507e200bd7e8",
          "questData": {
            "players": 1,
            "rewards": [
              false
            ],
            "completed": false,
            "claimed": false,
            "available": true,
            "time": 0,
            "tasksSize": 1,
            "tasks": [
              {
                "type": "ITEMS",
                "completed": false,
                "count": 1,
                "progress": [
                  0
                ]
              }
            ]
          }
        },
        {
          "questId": "c472ea33-77bf-444c-8b6e-c615a7b4b0c2",
          "questData": {
            "players": 1,
            "rewards": [
              false
            ],
            "completed": false,
            "claimed": false,
            "available": true,
            "time": 0,
            "tasksSize": 1,
            "tasks": [
              {
                "type": "ITEMS",
                "completed": false,
                "count": 1,
                "progress": [
                  0
                ]
              }
            ]
          }
        },
        {
          "questId": "75c6970b-2356-463e-8cc9-aa00440042a4",
          "questData": {
            "players": 1,
            "rewards": [
              false
            ],
            "completed": false,
            "claimed": false,
            "available": true,
            "time": 0,
            "tasksSize": 1,
            "tasks": [
              {
                "type": "MOB",
                "completed": false,
                "count": 1,
                "killed": [
                  0
                ]
              }
            ]
          }
        },
        {
          "questId": "36d80ef2-0316-497f-a2a8-e5de92d2f62b",
          "questData": {
            "players": 1,
            "rewards": [
              false
            ],
            "completed": false,
            "claimed": false,
            "available": true,
            "time": 0,
            "tasksSize": 1,
            "tasks": [
              {
                "type": "MOB",
                "completed": false,
                "count": 1,
                "killed": [
                  0
                ]
              }
            ]
          }
        },
        {
          "questId": "9a465d21-ad04-40a0-907c-84ed8c3098ae",
          "questData": {
            "players": 1,
            "rewards": [
              false
            ],
            "completed": false,
            "claimed": false,
            "available": true,
            "time": 0,
            "tasksSize": 1,
            "tasks": [
              {
                "type": "MOB",
                "completed": false,
                "count": 1,
                "killed": [
                  0
                ]
              }
            ]
          }
        },
        {
          "questId": "43a21443-237d-44ed-9833-41be61aa211b",
          "questData": {
            "players": 1,
            "rewards": [
              false
            ],
            "completed": false,
            "claimed": false,
            "available": true,
            "time": 0,
            "tasksSize": 1,
            "tasks": [
              {
                "type": "ITEMS",
                "completed": false,
                "count": 1,
                "progress": [
                  0
                ]
              }
            ]
          }
        },
        {
          "questId": "80e98aaa-3a29-42e5-9099-c272ea823a2b",
          "questData": {
            "players": 1,
            "rewards": [
              false
            ],
            "completed": false,
            "claimed": false,
            "available": true,
            "time": 0,
            "tasksSize": 1,
            "tasks": [
              {
                "type": "MOB",
                "completed": false,
                "count": 3,
                "killed": [
                  0,
                  0,
                  0
                ]
              }
            ]
          }
        },
        {
          "questId": "cc9a24a8-8176-4fd4-93d6-f202a987ee92",
          "questData": {
            "players": 1,
            "rewards": [
              false
            ],
            "completed": false,
            "claimed": false,
            "available": true,
            "time": 0,
            "tasksSize": 1,
            "tasks": [
              {
                "type": "MOB",
                "completed": false,
                "count": 3,
                "killed": [
                  0,
                  0,
                  0
                ]
              }
            ]
          }
        },
        {
          "questId": "3e5a170b-f8f2-43d7-9a10-485cbffc3791",
          "questData": {
            "players": 1,
            "rewards": [
              false
            ],
            "completed": false,
            "claimed": false,
            "available": true,
            "time": 0,
            "tasksSize": 1,
            "tasks": [
              {
                "type": "ITEMS",
                "completed": false,
                "count": 2,
                "progress": [
                  0,
                  0
                ]
              }
            ]
          }
        },
        {
          "questId": "de27675e-9006-4d74-874d-6c2417d77562",
          "questData": {
            "players": 1,
            "rewards": [
              false
            ],
            "completed": false,
            "claimed": false,
            "available": true,
            "time": 0,
            "tasksSize": 1,
            "tasks": [
              {
                "type": "ITEMS",
                "completed": false,
                "count": 1,
                "progress": [
                  0
                ]
              }
            ]
          }
        },
        {
          "questId": "74f91020-2714-478c-b0ee-6bc62e44abfa",
          "questData": {
            "players": 1,
            "rewards": [
              false
            ],
            "completed": false,
            "claimed": false,
            "available": true,
            "time": 0,
            "tasksSize": 1,
            "tasks": [
              {
                "type": "MOB",
                "completed": false,
                "count": 2,
                "killed": [
                  0,
                  0
                ]
              }
            ]
          }
        },
        {
          "questId": "5131fb94-f3d9-4f4d-a253-10cc8bbc5345",
          "questData": {
            "players": 1,
            "rewards": [
              false
            ],
            "completed": false,
            "claimed": false,
            "available": true,
            "time": 0,
            "tasksSize": 1,
            "tasks": [
              {
                "type": "ITEMS",
                "completed": false,
                "count": 1,
                "progress": [
                  0
                ]
              }
            ]
          }
        },
        {
          "questId": "931874d5-15be-4aa4-9289-1472d8ad7c59",
          "questData": {
            "players": 1,
            "rewards": [
              false
            ],
            "completed": false,
            "claimed": false,
            "available": true,
            "time": 0,
            "tasksSize": 1,
            "tasks": [
              {
                "type": "ITEMS",
                "completed": false,
                "count": 1,
                "progress": [
                  0
                ]
              }
            ]
          }
        },
        {
          "questId": "27c13159-ebba-4948-aed9-5fb0e7f360a8",
          "questData": {
            "players": 1,
            "rewards": [
              false
            ],
            "completed": false,
            "claimed": false,
            "available": true,
            "time": 0,
            "tasksSize": 1,
            "tasks": [
              {
                "type": "ITEMS",
                "completed": false,
                "count": 1,
                "progress": [
                  0
                ]
              }
            ]
          }
        },
        {
          "questId": "4385807c-a937-4854-9803-a11d9bc75a1a",
          "questData": {
            "players": 1,
            "rewards": [
              false
            ],
            "completed": false,
            "claimed": false,
            "available": true,
            "time": 0,
            "tasksSize": 1,
            "tasks": [
              {
                "type": "MOB",
                "completed": false,
                "count": 4,
                "killed": [
                  0,
                  0,
                  0,
                  0
                ]
              }
            ]
          }
        },
        {
          "questId": "63cc6cfd-2fcd-4917-bf33-b2e3060356e4",
          "questData": {
            "players": 1,
            "rewards": [
              false
            ],
            "completed": false,
            "claimed": false,
            "available": true,
            "time": 0,
            "tasksSize": 1,
            "tasks": [
              {
                "type": "ITEMS",
                "completed": false,
                "count": 1,
                "progress": [
                  0
                ]
              }
            ]
          }
        },
        {
          "questId": "776e6acb-8edd-40fc-9b77-2cb07591d60d",
          "questData": {
            "players": 1,
            "rewards": [
              false
            ],
            "completed": false,
            "claimed": false,
            "available": true,
            "time": 0,
            "tasksSize": 1,
            "tasks": [
              {
                "type": "ITEMS",
                "completed": false,
                "count": 1,
                "progress": [
                  0
                ]
              }
            ]
          }
        },
        {
          "questId": "b9ec2832-6ab4-47f9-8201-c9697a607b44",
          "questData": {
            "players": 1,
            "rewards": [
              false
            ],
            "completed": false,
            "claimed": false,
            "available": true,
            "time": 0,
            "tasksSize": 1,
            "tasks": [
              {
                "type": "ITEMS",
                "completed": false,
                "count": 1,
                "progress": [
                  0
                ]
              }
            ]
          }
        },
        {
          "questId": "96998146-a007-4dba-9620-6bfe9fa43c7a",
          "questData": {
            "players": 1,
            "rewards": [
              false
            ],
            "completed": false,
            "claimed": false,
            "available": true,
            "time": 0,
            "tasksSize": 1,
            "tasks": [
              {
                "type": "MOB",
                "completed": false,
                "count": 3,
                "killed": [
                  0,
                  0,
                  0
                ]
              }
            ]
          }
        },
        {
          "questId": "36736f21-0fae-434f-beb9-364db8e1ffc5",
          "questData": {
            "players": 1,
            "rewards": [
              false
            ],
            "completed": false,
            "claimed": false,
            "available": true,
            "time": 0,
            "tasksSize": 1,
            "tasks": [
              {
                "type": "ITEMS",
                "completed": false,
                "count": 1,
                "progress": [
                  0
                ]
              }
            ]
          }
        },
        {
          "questId": "f933b3de-9f87-4166-854d-032a45b6e039",
          "questData": {
            "players": 1,
            "rewards": [
              false
            ],
            "completed": false,
            "claimed": false,
            "available": true,
            "time": 0,
            "tasksSize": 1,
            "tasks": [
              {
                "type": "ITEMS",
                "completed": false,
                "count": 1,
                "progress": [
                  0
                ]
              }
            ]
          }
        },
        {
          "questId": "1b22345c-e711-47fa-80d5-6bd344ac375a",
          "questData": {
            "players": 1,
            "rewards": [
              false
            ],
            "completed": false,
            "claimed": false,
            "available": true,
            "time": 0,
            "tasksSize": 1,
            "tasks": [
              {
                "type": "ITEMS",
                "completed": false,
                "count": 1,
                "progress": [
                  0
                ]
              }
            ]
          }
        },
        {
          "questId": "ead4b10e-e511-4a7c-882c-0ea935714da4",
          "questData": {
            "players": 1,
            "rewards": [
              false
            ],
            "completed": false,
            "claimed": false,
            "available": true,
            "time": 0,
            "tasksSize": 1,
            "tasks": [
              {
                "type": "ITEMS",
                "completed": false,
                "count": 1,
                "progress": [
                  0
                ]
              }
            ]
          }
        },
        {
          "questId": "9cf8031e-688f-4834-9cb3-bc4afc561e9e",
          "questData": {
            "players": 1,
            "rewards": [
              false
            ],
            "completed": false,
            "claimed": false,
            "available": true,
            "time": 0,
            "tasksSize": 1,
            "tasks": [
              {
                "type": "MOB",
                "completed": false,
                "count": 3,
                "killed": [
                  0,
                  0,
                  0
                ]
              }
            ]
          }
        },
        {
          "questId": "4aee4ec2-c49c-4157-a96b-f9f6e827c3b1",
          "questData": {
            "players": 1,
            "rewards": [
              false
            ],
            "completed": false,
            "claimed": false,
            "available": true,
            "time": 0,
            "tasksSize": 1,
            "tasks": [
              {
                "type": "MOB",
                "completed": false,
                "count": 1,
                "killed": [
                  0
                ]
              }
            ]
          }
        },
        {
          "questId": "31c05756-e9f0-4820-96a6-c0cf9525af78",
          "questData": {
            "players": 1,
            "rewards": [
              false
            ],
            "completed": false,
            "claimed": false,
            "available": true,
            "time": 0,
            "tasksSize": 2,
            "tasks": [
              {
                "type": "ITEMS",
                "completed": false,
                "count": 1,
                "progress": [
                  0
                ]
              },
              {
                "type": "ITEMS",
                "completed": false,
                "count": 1,
                "progress": [
                  0
                ]
              }
            ]
          }
        },
        {
          "questId": "2d142689-9938-499f-bab4-9e3511f81237",
          "questData": {
            "players": 1,
            "rewards": [
              false
            ],
            "completed": false,
            "claimed": false,
            "available": true,
            "time": 0,
            "tasksSize": 1,
            "tasks": [
              {
                "type": "ITEMS",
                "completed": false,
                "count": 3,
                "progress": [
                  0,
                  0,
                  0
                ]
              }
            ]
          }
        },
        {
          "questId": "231631ab-5a46-4f35-baa5-82c609962541",
          "questData": {
            "players": 1,
            "rewards": [
              false
            ],
            "completed": false,
            "claimed": false,
            "available": true,
            "time": 0,
            "tasksSize": 1,
            "tasks": [
              {
                "type": "ITEMS",
                "completed": false,
                "count": 2,
                "progress": [
                  0,
                  0
                ]
              }
            ]
          }
        },
        {
          "questId": "ed715f66-e3c2-41d0-bae0-af80d2ebe1f0",
          "questData": {
            "players": 1,
            "rewards": [
              false
            ],
            "completed": false,
            "claimed": false,
            "available": true,
            "time": 0,
            "tasksSize": 1,
            "tasks": [
              {
                "type": "ITEMS",
                "completed": false,
                "count": 2,
                "progress": [
                  0,
                  0
                ]
              }
            ]
          }
        },
        {
          "questId": "793ddb1d-9a1d-4631-840d-6d913e00d7ef",
          "questData": {
            "players": 1,
            "rewards": [
              false
            ],
            "completed": false,
            "claimed": false,
            "available": true,
            "time": 0,
            "tasksSize": 1,
            "tasks": [
              {
                "type": "MOB",
                "completed": false,
                "count": 1,
                "killed": [
                  0
                ]
              }
            ]
          }
        },
        {
          "questId": "89ffecee-1df0-443d-8e20-6d2ea7f7bbda",
          "questData": {
            "players": 1,
            "rewards": [
              false
            ],
            "completed": false,
            "claimed": false,
            "available": true,
            "time": 0,
            "tasksSize": 1,
            "tasks": [
              {
                "type": "ITEMS",
                "completed": false,
                "count": 1,
                "progress": [
                  0
                ]
              }
            ]
          }
        }
      ],
      "invites": []
    },
    "selectedQuest": "ed715f66-e3c2-41d0-bae0-af80d2ebe1f0",
    "playedLore": false,
    "receivedBook": true,
    "groupData": {}
  },
  {
    "uuid": "078e6d6a-2636-4628-9d0d-28d4dd831d5f",
    "name": "Mahjerion",
    "lives": 3,
    "team": {
      "id": "00000000-0000-0000-0000-000000000000",
      "lifeSetting": "SHARE",
      "rewardSetting": "ALL",
      "players": [
        {
          "uuid": "078e6d6a-2636-4628-9d0d-28d4dd831d5f",
          "owner": true,
          "bookOpen": false,
          "inTeam": true,
          "name": "Mahjerion"
        }
      ],
      "reputations": [],
      "questDataList": [
        {
          "questId": "fe5fa555-e86d-4c23-b65e-8a9b27e443e5",
          "questData": {
            "players": 1,
            "rewards": [
              false
            ],
            "completed": false,
            "claimed": false,
            "available": true,
            "time": 0,
            "tasksSize": 1,
            "tasks": [
              {
                "type": "MOB",
                "completed": false,
                "count": 1,
                "killed": [
                  0
                ]
              }
            ]
          }
        },
        {
          "questId": "35178b05-9dfd-4fee-beab-0c1cf49fcf2a",
          "questData": {
            "players": 1,
            "rewards": [
              false
            ],
            "completed": false,
            "claimed": false,
            "available": true,
            "time": 0,
            "tasksSize": 1,
            "tasks": [
              {
                "type": "MOB",
                "completed": false,
                "count": 1,
                "killed": [
                  0
                ]
              }
            ]
          }
        },
        {
          "questId": "b9348176-487c-4c46-8d6b-193f331b3b34",
          "questData": {
            "players": 1,
            "rewards": [
              false
            ],
            "completed": false,
            "claimed": false,
            "available": true,
            "time": 0,
            "tasksSize": 1,
            "tasks": [
              {
                "type": "ITEMS",
                "completed": false,
                "count": 1,
                "progress": [
                  0
                ]
              }
            ]
          }
        },
        {
          "questId": "ff1e4d39-ea2e-4c4f-b6d4-701a49d680d7",
          "questData": {
            "players": 1,
            "rewards": [
              false
            ],
            "completed": false,
            "claimed": false,
            "available": true,
            "time": 0,
            "tasksSize": 1,
            "tasks": [
              {
                "type": "ITEMS",
                "completed": false,
                "count": 3,
                "progress": [
                  0,
                  0,
                  0
                ]
              }
            ]
          }
        },
        {
          "questId": "653d9478-e9a6-46f6-8133-285c8de5b695",
          "questData": {
            "players": 1,
            "rewards": [
              false
            ],
            "completed": false,
            "claimed": false,
            "available": true,
            "time": 0,
            "tasksSize": 1,
            "tasks": [
              {
                "type": "ITEMS",
                "completed": false,
                "count": 2,
                "progress": [
                  0,
                  0
                ]
              }
            ]
          }
        },
        {
          "questId": "00f8f61e-1536-4f72-93d9-b947301788a1",
          "questData": {
            "players": 1,
            "rewards": [
              false
            ],
            "completed": false,
            "claimed": false,
            "available": true,
            "time": 0,
            "tasksSize": 1,
            "tasks": [
              {
                "type": "MOB",
                "completed": false,
                "count": 1,
                "killed": [
                  0
                ]
              }
            ]
          }
        },
        {
          "questId": "742fee6b-7d8a-4250-acd7-cf15f06dff3a",
          "questData": {
            "players": 1,
            "rewards": [
              false
            ],
            "completed": false,
            "claimed": false,
            "available": true,
            "time": 0,
            "tasksSize": 1,
            "tasks": [
              {
                "type": "ITEMS",
                "completed": false,
                "count": 4,
                "progress": [
                  0,
                  0,
                  0,
                  0
                ]
              }
            ]
          }
        },
        {
          "questId": "82e5b8d3-4e76-434d-bbf6-44a6171e8bc8",
          "questData": {
            "players": 1,
            "rewards": [
              false
            ],
            "completed": false,
            "claimed": false,
            "available": true,
            "time": 0,
            "tasksSize": 1,
            "tasks": [
              {
                "type": "ITEMS",
                "completed": false,
                "count": 1,
                "progress": [
                  0
                ]
              }
            ]
          }
        },
        {
          "questId": "8330ae49-0754-4e25-91dc-d5ed15704747",
          "questData": {
            "players": 1,
            "rewards": [
              false
            ],
            "completed": false,
            "claimed": false,
            "available": true,
            "time": 0,
            "tasksSize": 1,
            "tasks": [
              {
                "type": "MOB",
                "completed": false,
                "count": 3,
                "killed": [
                  0,
                  0,
                  0
                ]
              }
            ]
          }
        },
        {
          "questId": "c9c81a94-3d09-41c0-996b-3c042bbca348",
          "questData": {
            "players": 1,
            "rewards": [
              false
            ],
            "completed": false,
            "claimed": false,
            "available": true,
            "time": 0,
            "tasksSize": 1,
            "tasks": [
              {
                "type": "ITEMS",
                "completed": false,
                "count": 2,
                "progress": [
                  0,
                  0
                ]
              }
            ]
          }
        },
        {
          "questId": "c4a504f1-74f5-4c6d-8386-a317ae4b7586",
          "questData": {
            "players": 1,
            "rewards": [
              false
            ],
            "completed": false,
            "claimed": false,
            "available": true,
            "time": 0,
            "tasksSize": 1,
            "tasks": [
              {
                "type": "ITEMS",
                "completed": false,
                "count": 0,
                "progress": []
              }
            ]
          }
        },
        {
          "questId": "4a786f08-3ad3-4678-a471-f3c5b2ce7f30",
          "questData": {
            "players": 1,
            "rewards": [
              false
            ],
            "completed": false,
            "claimed": false,
            "available": true,
            "time": 0,
            "tasksSize": 1,
            "tasks": [
              {
                "type": "MOB",
                "completed": false,
                "count": 1,
                "killed": [
                  0
                ]
              }
            ]
          }
        },
        {
          "questId": "37d96432-790a-4a8d-90c8-0a34f09b7d9a",
          "questData": {
            "players": 1,
            "rewards": [
              false
            ],
            "completed": false,
            "claimed": false,
            "available": true,
            "time": 0,
            "tasksSize": 1,
            "tasks": [
              {
                "type": "ITEMS",
                "completed": false,
                "count": 1,
                "progress": [
                  0
                ]
              }
            ]
          }
        },
        {
          "questId": "7a6decd2-ab92-467c-a693-01f138c8f1e8",
          "questData": {
            "players": 1,
            "rewards": [
              false
            ],
            "completed": false,
            "claimed": false,
            "available": true,
            "time": 0,
            "tasksSize": 1,
            "tasks": [
              {
                "type": "ITEMS",
                "completed": false,
                "count": 2,
                "progress": [
                  0,
                  0
                ]
              }
            ]
          }
        },
        {
          "questId": "21f6ea18-0d47-4b9e-9753-073fd2acec64",
          "questData": {
            "players": 1,
            "rewards": [
              false
            ],
            "completed": false,
            "claimed": false,
            "available": true,
            "time": 0,
            "tasksSize": 1,
            "tasks": [
              {
                "type": "MOB",
                "completed": false,
                "count": 1,
                "killed": [
                  0
                ]
              }
            ]
          }
        },
        {
          "questId": "fb4f32fc-36b2-479f-8411-764885b8baeb",
          "questData": {
            "players": 1,
            "rewards": [
              false
            ],
            "completed": false,
            "claimed": false,
            "available": true,
            "time": 0,
            "tasksSize": 1,
            "tasks": [
              {
                "type": "ITEMS",
                "completed": false,
                "count": 1,
                "progress": [
                  0
                ]
              }
            ]
          }
        },
        {
          "questId": "ebbe3ea8-f871-4364-adb0-785b4c929eee",
          "questData": {
            "players": 1,
            "rewards": [
              false
            ],
            "completed": false,
            "claimed": false,
            "available": true,
            "time": 0,
            "tasksSize": 1,
            "tasks": [
              {
                "type": "ITEMS",
                "completed": false,
                "count": 2,
                "progress": [
                  0,
                  0
                ]
              }
            ]
          }
        },
        {
          "questId": "39578fa1-aaf7-49c7-9dda-5829be9e593e",
          "questData": {
            "players": 1,
            "rewards": [
              false
            ],
            "completed": false,
            "claimed": false,
            "available": true,
            "time": 0,
            "tasksSize": 1,
            "tasks": [
              {
                "type": "ITEMS",
                "completed": false,
                "count": 4,
                "progress": [
                  0,
                  0,
                  0,
                  0
                ]
              }
            ]
          }
        },
        {
          "questId": "8aad9b45-fa38-403d-b197-90c84fe41bc1",
          "questData": {
            "players": 1,
            "rewards": [
              false
            ],
            "completed": false,
            "claimed": false,
            "available": true,
            "time": 0,
            "tasksSize": 1,
            "tasks": [
              {
                "type": "MOB",
                "completed": false,
                "count": 3,
                "killed": [
                  0,
                  0,
                  0
                ]
              }
            ]
          }
        },
        {
          "questId": "ee5aa080-a916-4de6-aadb-72b37034b76f",
          "questData": {
            "players": 1,
            "rewards": [
              false
            ],
            "completed": false,
            "claimed": false,
            "available": true,
            "time": 0,
            "tasksSize": 1,
            "tasks": [
              {
                "type": "MOB",
                "completed": false,
                "count": 1,
                "killed": [
                  0
                ]
              }
            ]
          }
        },
        {
          "questId": "9a3331e6-b398-4855-85c1-656060ac5a89",
          "questData": {
            "players": 1,
            "rewards": [
              false
            ],
            "completed": false,
            "claimed": false,
            "available": true,
            "time": 0,
            "tasksSize": 1,
            "tasks": [
              {
                "type": "ITEMS",
                "completed": false,
                "count": 0,
                "progress": []
              }
            ]
          }
        },
        {
          "questId": "4fd917cd-ec6b-4d46-b2bd-859af597ed95",
          "questData": {
            "players": 1,
            "rewards": [
              false
            ],
            "completed": false,
            "claimed": false,
            "available": true,
            "time": 0,
            "tasksSize": 1,
            "tasks": [
              {
                "type": "MOB",
                "completed": false,
                "count": 1,
                "killed": [
                  0
                ]
              }
            ]
          }
        },
        {
          "questId": "77d4b00f-959c-4316-9b58-00fa1e780d96",
          "questData": {
            "players": 1,
            "rewards": [
              false
            ],
            "completed": false,
            "claimed": false,
            "available": true,
            "time": 0,
            "tasksSize": 1,
            "tasks": [
              {
                "type": "MOB",
                "completed": false,
                "count": 1,
                "killed": [
                  0
                ]
              }
            ]
          }
        },
        {
          "questId": "6eb0f802-2cf2-4a27-9fac-3271ece9c9cd",
          "questData": {
            "players": 1,
            "rewards": [
              false
            ],
            "completed": false,
            "claimed": false,
            "available": true,
            "time": 0,
            "tasksSize": 1,
            "tasks": [
              {
                "type": "ITEMS",
                "completed": false,
                "count": 1,
                "progress": [
                  0
                ]
              }
            ]
          }
        },
        {
          "questId": "af0b44be-e0cc-43bb-a4f1-4847b739c6d2",
          "questData": {
            "players": 1,
            "rewards": [
              false
            ],
            "completed": false,
            "claimed": false,
            "available": true,
            "time": 0,
            "tasksSize": 1,
            "tasks": [
              {
                "type": "MOB",
                "completed": false,
                "count": 1,
                "killed": [
                  0
                ]
              }
            ]
          }
        },
        {
          "questId": "a4ae0d8b-38fd-491e-a801-0d8fe65664bc",
          "questData": {
            "players": 1,
            "rewards": [
              false
            ],
            "completed": false,
            "claimed": false,
            "available": true,
            "time": 0,
            "tasksSize": 1,
            "tasks": [
              {
                "type": "MOB",
                "completed": false,
                "count": 1,
                "killed": [
                  0
                ]
              }
            ]
          }
        },
        {
          "questId": "316a6b1a-5bcd-4a05-b4b7-379b44311286",
          "questData": {
            "players": 1,
            "rewards": [
              false
            ],
            "completed": false,
            "claimed": false,
            "available": true,
            "time": 0,
            "tasksSize": 1,
            "tasks": [
              {
                "type": "MOB",
                "completed": false,
                "count": 1,
                "killed": [
                  0
                ]
              }
            ]
          }
        },
        {
          "questId": "3318c7ac-8f13-4ebc-ad10-914636986e76",
          "questData": {
            "players": 1,
            "rewards": [
              false
            ],
            "completed": false,
            "claimed": false,
            "available": true,
            "time": 0,
            "tasksSize": 1,
            "tasks": [
              {
                "type": "ITEMS",
                "completed": false,
                "count": 1,
                "progress": [
                  0
                ]
              }
            ]
          }
        },
        {
          "questId": "ecb4f28a-eb57-4d95-8ecb-be9ceb49e4c6",
          "questData": {
            "players": 1,
            "rewards": [
              false
            ],
            "completed": false,
            "claimed": false,
            "available": true,
            "time": 0,
            "tasksSize": 1,
            "tasks": [
              {
                "type": "ITEMS",
                "completed": false,
                "count": 1,
                "progress": [
                  0
                ]
              }
            ]
          }
        },
        {
          "questId": "8d2a72e9-fef5-4d15-8e05-95cad3df8316",
          "questData": {
            "players": 1,
            "rewards": [
              false
            ],
            "completed": false,
            "claimed": false,
            "available": true,
            "time": 0,
            "tasksSize": 1,
            "tasks": [
              {
                "type": "ITEMS",
                "completed": false,
                "count": 1,
                "progress": [
                  0
                ]
              }
            ]
          }
        },
        {
          "questId": "b2b06f06-4026-43a8-a9fa-f30bb72d1442",
          "questData": {
            "players": 1,
            "rewards": [
              false
            ],
            "completed": false,
            "claimed": false,
            "available": true,
            "time": 0,
            "tasksSize": 1,
            "tasks": [
              {
                "type": "ITEMS",
                "completed": false,
                "count": 1,
                "progress": [
                  0
                ]
              }
            ]
          }
        },
        {
          "questId": "a974bb9f-fb1c-437e-aff3-a1cf783016a2",
          "questData": {
            "players": 1,
            "rewards": [
              false
            ],
            "completed": false,
            "claimed": false,
            "available": true,
            "time": 0,
            "tasksSize": 1,
            "tasks": [
              {
                "type": "ITEMS",
                "completed": false,
                "count": 1,
                "progress": [
                  0
                ]
              }
            ]
          }
        },
        {
          "questId": "18d211d5-f65c-45e7-9a6b-78304f20836d",
          "questData": {
            "players": 1,
            "rewards": [
              false
            ],
            "completed": false,
            "claimed": false,
            "available": true,
            "time": 0,
            "tasksSize": 1,
            "tasks": [
              {
                "type": "MOB",
                "completed": false,
                "count": 1,
                "killed": [
                  0
                ]
              }
            ]
          }
        },
        {
          "questId": "03b6069e-a4bd-4f91-9449-59e49409b70d",
          "questData": {
            "players": 1,
            "rewards": [
              false
            ],
            "completed": false,
            "claimed": false,
            "available": true,
            "time": 0,
            "tasksSize": 1,
            "tasks": [
              {
                "type": "ITEMS",
                "completed": false,
                "count": 1,
                "progress": [
                  0
                ]
              }
            ]
          }
        },
        {
          "questId": "7ac3735e-6604-44c8-86ef-7f538d1d64de",
          "questData": {
            "players": 1,
            "rewards": [
              false
            ],
            "completed": false,
            "claimed": false,
            "available": true,
            "time": 0,
            "tasksSize": 1,
            "tasks": [
              {
                "type": "MOB",
                "completed": false,
                "count": 4,
                "killed": [
                  0,
                  0,
                  0,
                  0
                ]
              }
            ]
          }
        },
        {
          "questId": "02d59d20-55f9-414d-9eee-3452de1a2e49",
          "questData": {
            "players": 1,
            "rewards": [
              false
            ],
            "completed": false,
            "claimed": false,
            "available": true,
            "time": 0,
            "tasksSize": 1,
            "tasks": [
              {
                "type": "MOB",
                "completed": false,
                "count": 1,
                "killed": [
                  0
                ]
              }
            ]
          }
        },
        {
          "questId": "c634f85c-5542-4e92-b294-88af7a781249",
          "questData": {
            "players": 1,
            "rewards": [
              false
            ],
            "completed": false,
            "claimed": false,
            "available": true,
            "time": 0,
            "tasksSize": 1,
            "tasks": [
              {
                "type": "MOB",
                "completed": false,
                "count": 1,
                "killed": [
                  0
                ]
              }
            ]
          }
        },
        {
          "questId": "8075c9a8-db5a-4d36-98c3-22897e47890e",
          "questData": {
            "players": 1,
            "rewards": [
              false
            ],
            "completed": false,
            "claimed": false,
            "available": true,
            "time": 0,
            "tasksSize": 1,
            "tasks": [
              {
                "type": "ITEMS",
                "completed": false,
                "count": 2,
                "progress": [
                  0,
                  0
                ]
              }
            ]
          }
        },
        {
          "questId": "f4992ee1-a265-4d8f-a54e-3337ed584487",
          "questData": {
            "players": 1,
            "rewards": [
              false
            ],
            "completed": false,
            "claimed": false,
            "available": true,
            "time": 0,
            "tasksSize": 1,
            "tasks": [
              {
                "type": "ITEMS",
                "completed": false,
                "count": 2,
                "progress": [
                  0,
                  0
                ]
              }
            ]
          }
        },
        {
          "questId": "8979693c-0d94-45d9-a289-03b33795cf91",
          "questData": {
            "players": 1,
            "rewards": [
              false
            ],
            "completed": false,
            "claimed": false,
            "available": true,
            "time": 0,
            "tasksSize": 1,
            "tasks": [
              {
                "type": "ITEMS",
                "completed": false,
                "count": 2,
                "progress": [
                  0,
                  0
                ]
              }
            ]
          }
        },
        {
          "questId": "56b6b7af-6734-4ef6-883f-94160ab09ff4",
          "questData": {
            "players": 1,
            "rewards": [
              false
            ],
            "completed": false,
            "claimed": false,
            "available": true,
            "time": 0,
            "tasksSize": 1,
            "tasks": [
              {
                "type": "MOB",
                "completed": false,
                "count": 1,
                "killed": [
                  0
                ]
              }
            ]
          }
        },
        {
          "questId": "ad50a3e9-bcbc-4fc0-a8f4-2750d41f01c6",
          "questData": {
            "players": 1,
            "rewards": [
              false
            ],
            "completed": false,
            "claimed": false,
            "available": true,
            "time": 0,
            "tasksSize": 1,
            "tasks": [
              {
                "type": "ITEMS",
                "completed": false,
                "count": 1,
                "progress": [
                  0
                ]
              }
            ]
          }
        },
        {
          "questId": "1fc5e416-0277-4947-b0e4-66aca79bca09",
          "questData": {
            "players": 1,
            "rewards": [
              false
            ],
            "completed": false,
            "claimed": false,
            "available": true,
            "time": 0,
            "tasksSize": 1,
            "tasks": [
              {
                "type": "ITEMS",
                "completed": false,
                "count": 2,
                "progress": [
                  0,
                  0
                ]
              }
            ]
          }
        },
        {
          "questId": "5b1db2b0-8434-4125-acc3-765c4efe3066",
          "questData": {
            "players": 1,
            "rewards": [
              false
            ],
            "completed": false,
            "claimed": false,
            "available": true,
            "time": 0,
            "tasksSize": 1,
            "tasks": [
              {
                "type": "MOB",
                "completed": false,
                "count": 4,
                "killed": [
                  1,
                  0,
                  0,
                  0
                ]
              }
            ]
          }
        },
        {
          "questId": "e934ad60-4865-41f2-afb6-c892b9cb4497",
          "questData": {
            "players": 1,
            "rewards": [
              false
            ],
            "completed": false,
            "claimed": false,
            "available": true,
            "time": 0,
            "tasksSize": 1,
            "tasks": [
              {
                "type": "ITEMS",
                "completed": false,
                "count": 2,
                "progress": [
                  0,
                  0
                ]
              }
            ]
          }
        },
        {
          "questId": "56a092c7-e9ab-4b5a-8dcb-29a13ae4d9a3",
          "questData": {
            "players": 1,
            "rewards": [
              false
            ],
            "completed": false,
            "claimed": false,
            "available": true,
            "time": 0,
            "tasksSize": 1,
            "tasks": [
              {
                "type": "ITEMS",
                "completed": false,
                "count": 1,
                "progress": [
                  0
                ]
              }
            ]
          }
        },
        {
          "questId": "a5ec5052-1ca6-43f7-8a2a-97584b78d159",
          "questData": {
            "players": 1,
            "rewards": [
              false
            ],
            "completed": false,
            "claimed": false,
            "available": true,
            "time": 0,
            "tasksSize": 1,
            "tasks": [
              {
                "type": "ITEMS",
                "completed": false,
                "count": 1,
                "progress": [
                  0
                ]
              }
            ]
          }
        },
        {
          "questId": "03574ea8-705e-40da-845b-507e200bd7e8",
          "questData": {
            "players": 1,
            "rewards": [
              false
            ],
            "completed": false,
            "claimed": false,
            "available": true,
            "time": 0,
            "tasksSize": 1,
            "tasks": [
              {
                "type": "ITEMS",
                "completed": true,
                "count": 1,
                "progress": [
                  1
                ]
              }
            ]
          }
        },
        {
          "questId": "c472ea33-77bf-444c-8b6e-c615a7b4b0c2",
          "questData": {
            "players": 1,
            "rewards": [
              false
            ],
            "completed": false,
            "claimed": false,
            "available": true,
            "time": 0,
            "tasksSize": 1,
            "tasks": [
              {
                "type": "ITEMS",
                "completed": false,
                "count": 1,
                "progress": [
                  0
                ]
              }
            ]
          }
        },
        {
          "questId": "75c6970b-2356-463e-8cc9-aa00440042a4",
          "questData": {
            "players": 1,
            "rewards": [
              false
            ],
            "completed": false,
            "claimed": false,
            "available": true,
            "time": 0,
            "tasksSize": 1,
            "tasks": [
              {
                "type": "MOB",
                "completed": false,
                "count": 1,
                "killed": [
                  0
                ]
              }
            ]
          }
        },
        {
          "questId": "36d80ef2-0316-497f-a2a8-e5de92d2f62b",
          "questData": {
            "players": 1,
            "rewards": [
              false
            ],
            "completed": false,
            "claimed": false,
            "available": true,
            "time": 0,
            "tasksSize": 1,
            "tasks": [
              {
                "type": "MOB",
                "completed": false,
                "count": 1,
                "killed": [
                  0
                ]
              }
            ]
          }
        },
        {
          "questId": "9a465d21-ad04-40a0-907c-84ed8c3098ae",
          "questData": {
            "players": 1,
            "rewards": [
              false
            ],
            "completed": false,
            "claimed": false,
            "available": true,
            "time": 0,
            "tasksSize": 1,
            "tasks": [
              {
                "type": "MOB",
                "completed": false,
                "count": 1,
                "killed": [
                  0
                ]
              }
            ]
          }
        },
        {
          "questId": "43a21443-237d-44ed-9833-41be61aa211b",
          "questData": {
            "players": 1,
            "rewards": [
              false
            ],
            "completed": false,
            "claimed": false,
            "available": true,
            "time": 0,
            "tasksSize": 1,
            "tasks": [
              {
                "type": "ITEMS",
                "completed": false,
                "count": 1,
                "progress": [
                  0
                ]
              }
            ]
          }
        },
        {
          "questId": "80e98aaa-3a29-42e5-9099-c272ea823a2b",
          "questData": {
            "players": 1,
            "rewards": [
              false
            ],
            "completed": false,
            "claimed": false,
            "available": true,
            "time": 0,
            "tasksSize": 1,
            "tasks": [
              {
                "type": "MOB",
                "completed": false,
                "count": 3,
                "killed": [
                  0,
                  0,
                  0
                ]
              }
            ]
          }
        },
        {
          "questId": "cc9a24a8-8176-4fd4-93d6-f202a987ee92",
          "questData": {
            "players": 1,
            "rewards": [
              false
            ],
            "completed": false,
            "claimed": false,
            "available": true,
            "time": 0,
            "tasksSize": 1,
            "tasks": [
              {
                "type": "MOB",
                "completed": false,
                "count": 3,
                "killed": [
                  0,
                  0,
                  0
                ]
              }
            ]
          }
        },
        {
          "questId": "3e5a170b-f8f2-43d7-9a10-485cbffc3791",
          "questData": {
            "players": 1,
            "rewards": [
              false
            ],
            "completed": false,
            "claimed": false,
            "available": true,
            "time": 0,
            "tasksSize": 1,
            "tasks": [
              {
                "type": "ITEMS",
                "completed": false,
                "count": 2,
                "progress": [
                  0,
                  0
                ]
              }
            ]
          }
        },
        {
          "questId": "de27675e-9006-4d74-874d-6c2417d77562",
          "questData": {
            "players": 1,
            "rewards": [
              true
            ],
            "completed": true,
            "claimed": false,
            "available": false,
            "time": 7,
            "tasksSize": 1,
            "tasks": [
              {
                "type": "ITEMS",
                "completed": true,
                "count": 1,
                "progress": [
                  1
                ]
              }
            ]
          }
        },
        {
          "questId": "74f91020-2714-478c-b0ee-6bc62e44abfa",
          "questData": {
            "players": 1,
            "rewards": [
              false
            ],
            "completed": false,
            "claimed": false,
            "available": true,
            "time": 0,
            "tasksSize": 1,
            "tasks": [
              {
                "type": "MOB",
                "completed": false,
                "count": 2,
                "killed": [
                  0,
                  0
                ]
              }
            ]
          }
        },
        {
          "questId": "5131fb94-f3d9-4f4d-a253-10cc8bbc5345",
          "questData": {
            "players": 1,
            "rewards": [
              false
            ],
            "completed": false,
            "claimed": false,
            "available": true,
            "time": 0,
            "tasksSize": 1,
            "tasks": [
              {
                "type": "ITEMS",
                "completed": false,
                "count": 1,
                "progress": [
                  0
                ]
              }
            ]
          }
        },
        {
          "questId": "931874d5-15be-4aa4-9289-1472d8ad7c59",
          "questData": {
            "players": 1,
            "rewards": [
              false
            ],
            "completed": false,
            "claimed": false,
            "available": true,
            "time": 0,
            "tasksSize": 1,
            "tasks": [
              {
                "type": "ITEMS",
                "completed": false,
                "count": 1,
                "progress": [
                  0
                ]
              }
            ]
          }
        },
        {
          "questId": "27c13159-ebba-4948-aed9-5fb0e7f360a8",
          "questData": {
            "players": 1,
            "rewards": [
              false
            ],
            "completed": false,
            "claimed": false,
            "available": true,
            "time": 0,
            "tasksSize": 1,
            "tasks": [
              {
                "type": "ITEMS",
                "completed": false,
                "count": 1,
                "progress": [
                  0
                ]
              }
            ]
          }
        },
        {
          "questId": "4385807c-a937-4854-9803-a11d9bc75a1a",
          "questData": {
            "players": 1,
            "rewards": [
              false
            ],
            "completed": false,
            "claimed": false,
            "available": true,
            "time": 0,
            "tasksSize": 1,
            "tasks": [
              {
                "type": "MOB",
                "completed": false,
                "count": 4,
                "killed": [
                  0,
                  0,
                  0,
                  0
                ]
              }
            ]
          }
        },
        {
          "questId": "63cc6cfd-2fcd-4917-bf33-b2e3060356e4",
          "questData": {
            "players": 1,
            "rewards": [
              false
            ],
            "completed": false,
            "claimed": false,
            "available": true,
            "time": 0,
            "tasksSize": 1,
            "tasks": [
              {
                "type": "ITEMS",
                "completed": false,
                "count": 1,
                "progress": [
                  0
                ]
              }
            ]
          }
        },
        {
          "questId": "776e6acb-8edd-40fc-9b77-2cb07591d60d",
          "questData": {
            "players": 1,
            "rewards": [
              false
            ],
            "completed": false,
            "claimed": false,
            "available": true,
            "time": 0,
            "tasksSize": 1,
            "tasks": [
              {
                "type": "ITEMS",
                "completed": false,
                "count": 1,
                "progress": [
                  0
                ]
              }
            ]
          }
        },
        {
          "questId": "b9ec2832-6ab4-47f9-8201-c9697a607b44",
          "questData": {
            "players": 1,
            "rewards": [
              false
            ],
            "completed": false,
            "claimed": false,
            "available": true,
            "time": 0,
            "tasksSize": 1,
            "tasks": [
              {
                "type": "ITEMS",
                "completed": false,
                "count": 1,
                "progress": [
                  0
                ]
              }
            ]
          }
        },
        {
          "questId": "96998146-a007-4dba-9620-6bfe9fa43c7a",
          "questData": {
            "players": 1,
            "rewards": [
              false
            ],
            "completed": false,
            "claimed": false,
            "available": true,
            "time": 0,
            "tasksSize": 1,
            "tasks": [
              {
                "type": "MOB",
                "completed": false,
                "count": 3,
                "killed": [
                  0,
                  0,
                  0
                ]
              }
            ]
          }
        },
        {
          "questId": "36736f21-0fae-434f-beb9-364db8e1ffc5",
          "questData": {
            "players": 1,
            "rewards": [
              false
            ],
            "completed": false,
            "claimed": false,
            "available": true,
            "time": 0,
            "tasksSize": 1,
            "tasks": [
              {
                "type": "ITEMS",
                "completed": false,
                "count": 1,
                "progress": [
                  0
                ]
              }
            ]
          }
        },
        {
          "questId": "f933b3de-9f87-4166-854d-032a45b6e039",
          "questData": {
            "players": 1,
            "rewards": [
              false
            ],
            "completed": false,
            "claimed": false,
            "available": true,
            "time": 0,
            "tasksSize": 1,
            "tasks": [
              {
                "type": "ITEMS",
                "completed": false,
                "count": 1,
                "progress": [
                  0
                ]
              }
            ]
          }
        },
        {
          "questId": "1b22345c-e711-47fa-80d5-6bd344ac375a",
          "questData": {
            "players": 1,
            "rewards": [
              false
            ],
            "completed": false,
            "claimed": false,
            "available": true,
            "time": 0,
            "tasksSize": 1,
            "tasks": [
              {
                "type": "ITEMS",
                "completed": false,
                "count": 1,
                "progress": [
                  0
                ]
              }
            ]
          }
        },
        {
          "questId": "ead4b10e-e511-4a7c-882c-0ea935714da4",
          "questData": {
            "players": 1,
            "rewards": [
              false
            ],
            "completed": false,
            "claimed": false,
            "available": true,
            "time": 0,
            "tasksSize": 1,
            "tasks": [
              {
                "type": "ITEMS",
                "completed": false,
                "count": 1,
                "progress": [
                  0
                ]
              }
            ]
          }
        },
        {
          "questId": "9cf8031e-688f-4834-9cb3-bc4afc561e9e",
          "questData": {
            "players": 1,
            "rewards": [
              false
            ],
            "completed": false,
            "claimed": false,
            "available": true,
            "time": 0,
            "tasksSize": 1,
            "tasks": [
              {
                "type": "MOB",
                "completed": false,
                "count": 3,
                "killed": [
                  0,
                  0,
                  0
                ]
              }
            ]
          }
        },
        {
          "questId": "4aee4ec2-c49c-4157-a96b-f9f6e827c3b1",
          "questData": {
            "players": 1,
            "rewards": [
              false
            ],
            "completed": false,
            "claimed": false,
            "available": true,
            "time": 0,
            "tasksSize": 1,
            "tasks": [
              {
                "type": "MOB",
                "completed": false,
                "count": 1,
                "killed": [
                  0
                ]
              }
            ]
          }
        },
        {
          "questId": "31c05756-e9f0-4820-96a6-c0cf9525af78",
          "questData": {
            "players": 1,
            "rewards": [
              false
            ],
            "completed": false,
            "claimed": false,
            "available": true,
            "time": 0,
            "tasksSize": 2,
            "tasks": [
              {
                "type": "ITEMS",
                "completed": false,
                "count": 1,
                "progress": [
                  0
                ]
              },
              {
                "type": "ITEMS",
                "completed": false,
                "count": 1,
                "progress": [
                  0
                ]
              }
            ]
          }
        },
        {
          "questId": "2d142689-9938-499f-bab4-9e3511f81237",
          "questData": {
            "players": 1,
            "rewards": [
              false
            ],
            "completed": false,
            "claimed": false,
            "available": true,
            "time": 0,
            "tasksSize": 1,
            "tasks": [
              {
                "type": "ITEMS",
                "completed": false,
                "count": 3,
                "progress": [
                  0,
                  0,
                  0
                ]
              }
            ]
          }
        },
        {
          "questId": "231631ab-5a46-4f35-baa5-82c609962541",
          "questData": {
            "players": 1,
            "rewards": [
              false
            ],
            "completed": false,
            "claimed": false,
            "available": true,
            "time": 0,
            "tasksSize": 1,
            "tasks": [
              {
                "type": "ITEMS",
                "completed": false,
                "count": 2,
                "progress": [
                  1,
                  0
                ]
              }
            ]
          }
        },
        {
          "questId": "ed715f66-e3c2-41d0-bae0-af80d2ebe1f0",
          "questData": {
            "players": 1,
            "rewards": [
              false
            ],
            "completed": false,
            "claimed": false,
            "available": true,
            "time": 0,
            "tasksSize": 1,
            "tasks": [
              {
                "type": "ITEMS",
                "completed": false,
                "count": 2,
                "progress": [
                  0,
                  0
                ]
              }
            ]
          }
        },
        {
          "questId": "793ddb1d-9a1d-4631-840d-6d913e00d7ef",
          "questData": {
            "players": 1,
            "rewards": [
              false
            ],
            "completed": false,
            "claimed": false,
            "available": true,
            "time": 0,
            "tasksSize": 1,
            "tasks": [
              {
                "type": "MOB",
                "completed": false,
                "count": 1,
                "killed": [
                  0
                ]
              }
            ]
          }
        },
        {
          "questId": "89ffecee-1df0-443d-8e20-6d2ea7f7bbda",
          "questData": {
            "players": 1,
            "rewards": [
              false
            ],
            "completed": false,
            "claimed": false,
            "available": true,
            "time": 0,
            "tasksSize": 1,
            "tasks": [
              {
                "type": "ITEMS",
                "completed": false,
                "count": 1,
                "progress": [
                  0
                ]
              }
            ]
          }
        }
      ],
      "invites": []
    },
    "selectedQuest": "8aad9b45-fa38-403d-b197-90c84fe41bc1",
    "playedLore": false,
    "receivedBook": true,
    "groupData": {}
  }
]