{
  "id": "flaming",
  "weight": 1000,
  "rarity": 0,
  "tier": 0,
  "registry": "mob_affix",
  "lang_file_string": "mmorpg.mob_affix.flaming",
  "format": "RED",
  "icon": "§c☀",
  "stats": [
    {
      "firstMin": 25.0,
      "firstMax": 25.0,
      "secondMin": 0.0,
      "secondMax": 0.0,
      "stat": "convert_fire_to_phys",
      "type": "flat"
    },
    {
      "firstMin": 1.0,
      "firstMax": 1.0,
      "secondMin": 0.0,
      "secondMax": 0.0,
      "stat": "fire_weapon_damage",
      "type": "flat"
    },
    {
      "firstMin": 10.0,
      "firstMax": 10.0,
      "secondMin": 0.0,
      "secondMax": 0.0,
      "stat": "extra_mob_drops",
      "type": "flat"
    }
  ]
}