{
  "id": "vampire",
  "weight": 1000,
  "rarity": 0,
  "tier": 0,
  "registry": "mob_affix",
  "lang_file_string": "mmorpg.mob_affix.vampire",
  "format": "RED",
  "icon": "",
  "stats": [
    {
      "firstMin": 2.0,
      "firstMax": 2.0,
      "secondMin": 0.0,
      "secondMax": 0.0,
      "stat": "life_on_hit",
      "type": "flat"
    },
    {
      "firstMin": 10.0,
      "firstMax": 10.0,
      "secondMin": 0.0,
      "secondMax": 0.0,
      "stat": "extra_mob_drops",
      "type": "flat"
    }
  ]
}