{
  "id": "all_res_necklace0",
  "weight": 500,
  "rarity": 0,
  "tier": 0,
  "registry": "gear_type",
  "lang_file_string": "mmorpg.gear_type.all_res_necklace0",
  "implicit_stats": [],
  "base_stats": [
    {
      "firstMin": 5.0,
      "firstMax": 10.0,
      "secondMin": 0.0,
      "secondMax": 0.0,
      "stat": "elemental_resist",
      "type": "flat"
    }
  ],
  "level_range": {
    "start": 0.0,
    "end": 0.4
  },
  "tag_list": {
    "tags": [
      "jewelry_family",
      "necklace"
    ]
  },
  "stat_req": {
    "dex_req": 0.0,
    "int_req": 0.0,
    "str_req": 0.0
  },
  "item_id": "mmorpg:jewelry/necklace/all_res_necklace0",
  "gear_slot": "necklace",
  "weapon_type": "None"
}