{
  "id": "axe4",
  "weight": 1000,
  "rarity": 0,
  "tier": 0,
  "registry": "gear_type",
  "lang_file_string": "mmorpg.gear_type.axe4",
  "implicit_stats": [],
  "base_stats": [
    {
      "firstMin": 2.0,
      "firstMax": 3.0,
      "secondMin": 4.0,
      "secondMax": 9.0,
      "stat": "physical_weapon_damage",
      "type": "flat"
    },
    {
      "firstMin": 4.0,
      "firstMax": 15.0,
      "secondMin": 0.0,
      "secondMax": 0.0,
      "stat": "critical_hit",
      "type": "flat"
    }
  ],
  "level_range": {
    "start": 0.8,
    "end": 1.0
  },
  "tag_list": {
    "tags": [
      "warrior_casting_weapon",
      "strength",
      "weapon_family",
      "melee_weapon",
      "axe"
    ]
  },
  "stat_req": {
    "dex_req": 0.0,
    "int_req": 0.0,
    "str_req": 0.5
  },
  "item_id": "mmorpg:weapon/axe/axe4",
  "gear_slot": "axe",
  "weapon_type": "Axe"
}