{
  "id": "cloth_pants3",
  "weight": 333,
  "rarity": 0,
  "tier": 0,
  "registry": "gear_type",
  "lang_file_string": "mmorpg.gear_type.cloth_pants3",
  "implicit_stats": [],
  "base_stats": [
    {
      "firstMin": 3.0,
      "firstMax": 7.0,
      "secondMin": 0.0,
      "secondMax": 0.0,
      "stat": "magic_shield",
      "type": "flat"
    }
  ],
  "level_range": {
    "start": 0.6,
    "end": 0.8
  },
  "tag_list": {
    "tags": [
      "armor_family",
      "pants",
      "magic_shield_stat",
      "cloth",
      "intelligence"
    ]
  },
  "stat_req": {
    "dex_req": 0.0,
    "int_req": 0.5,
    "str_req": 0.0
  },
  "item_id": "mmorpg:armor/cloth/pants/cloth_pants3",
  "gear_slot": "pants",
  "weapon_type": "None"
}