{
  "id": "cloth_helmet0",
  "weight": 333,
  "rarity": 0,
  "tier": 0,
  "registry": "gear_type",
  "lang_file_string": "mmorpg.gear_type.cloth_helmet0",
  "implicit_stats": [
    {
      "firstMin": 3.0,
      "firstMax": 8.0,
      "secondMin": 0.0,
      "secondMax": 0.0,
      "stat": "spell_damage",
      "type": "flat"
    }
  ],
  "base_stats": [
    {
      "firstMin": 2.0,
      "firstMax": 5.0,
      "secondMin": 0.0,
      "secondMax": 0.0,
      "stat": "magic_shield",
      "type": "flat"
    }
  ],
  "level_range": {
    "start": 0.0,
    "end": 0.2
  },
  "tag_list": {
    "tags": [
      "armor_family",
      "helmet",
      "magic_shield_stat",
      "cloth",
      "intelligence"
    ]
  },
  "stat_req": {
    "dex_req": 0.0,
    "int_req": 0.5,
    "str_req": 0.0
  },
  "item_id": "mmorpg:armor/cloth/helmet/cloth_helmet0",
  "gear_slot": "helmet",
  "weapon_type": "None"
}