{
  "id": "crossbow4",
  "weight": 750,
  "rarity": 0,
  "tier": 0,
  "registry": "gear_type",
  "lang_file_string": "mmorpg.gear_type.crossbow4",
  "implicit_stats": [],
  "base_stats": [
    {
      "firstMin": 2.0,
      "firstMax": 4.0,
      "secondMin": 3.0,
      "secondMax": 7.0,
      "stat": "physical_weapon_damage",
      "type": "flat"
    },
    {
      "firstMin": 3.0,
      "firstMax": 6.0,
      "secondMin": 0.0,
      "secondMax": 0.0,
      "stat": "critical_hit",
      "type": "flat"
    }
  ],
  "level_range": {
    "start": 0.8,
    "end": 1.0
  },
  "tag_list": {
    "tags": [
      "dexterity",
      "ranger_casting_weapon",
      "crossbow",
      "ranged_weapon",
      "weapon_family"
    ]
  },
  "stat_req": {
    "dex_req": 0.5,
    "int_req": 0.0,
    "str_req": 0.0
  },
  "item_id": "minecraft:crossbow",
  "gear_slot": "crossbow",
  "weapon_type": "CrossBow"
}