{
  "id": "leather_helmet2",
  "weight": 333,
  "rarity": 0,
  "tier": 0,
  "registry": "gear_type",
  "lang_file_string": "mmorpg.gear_type.leather_helmet2",
  "implicit_stats": [],
  "base_stats": [
    {
      "firstMin": 20.0,
      "firstMax": 50.0,
      "secondMin": 0.0,
      "secondMax": 0.0,
      "stat": "dodge",
      "type": "flat"
    }
  ],
  "level_range": {
    "start": 0.4,
    "end": 0.6
  },
  "tag_list": {
    "tags": [
      "dexterity",
      "dodge_stat",
      "armor_family",
      "helmet",
      "leather"
    ]
  },
  "stat_req": {
    "dex_req": 0.5,
    "int_req": 0.0,
    "str_req": 0.0
  },
  "item_id": "mmorpg:armor/leather/helmet/leather_helmet2",
  "gear_slot": "helmet",
  "weapon_type": "None"
}