{
  "id": "plate_pants1",
  "weight": 333,
  "rarity": 0,
  "tier": 0,
  "registry": "gear_type",
  "lang_file_string": "mmorpg.gear_type.plate_pants1",
  "implicit_stats": [],
  "base_stats": [
    {
      "firstMin": 20.0,
      "firstMax": 60.0,
      "secondMin": 0.0,
      "secondMax": 0.0,
      "stat": "armor",
      "type": "flat"
    }
  ],
  "level_range": {
    "start": 0.2,
    "end": 0.4
  },
  "tag_list": {
    "tags": [
      "armor_family",
      "pants",
      "strength",
      "plate",
      "armor_stat"
    ]
  },
  "stat_req": {
    "dex_req": 0.0,
    "int_req": 0.0,
    "str_req": 0.5
  },
  "item_id": "mmorpg:armor/plate/pants/plate_pants1",
  "gear_slot": "pants",
  "weapon_type": "None"
}