{
  "id": "plate_boots4",
  "weight": 333,
  "rarity": 0,
  "tier": 0,
  "registry": "gear_type",
  "lang_file_string": "mmorpg.gear_type.plate_boots4",
  "implicit_stats": [],
  "base_stats": [
    {
      "firstMin": 10.0,
      "firstMax": 30.0,
      "secondMin": 0.0,
      "secondMax": 0.0,
      "stat": "armor",
      "type": "flat"
    }
  ],
  "level_range": {
    "start": 0.8,
    "end": 1.0
  },
  "tag_list": {
    "tags": [
      "armor_family",
      "strength",
      "boots",
      "plate",
      "armor_stat"
    ]
  },
  "stat_req": {
    "dex_req": 0.0,
    "int_req": 0.0,
    "str_req": 0.5
  },
  "item_id": "mmorpg:armor/plate/boots/plate_boots4",
  "gear_slot": "boots",
  "weapon_type": "None"
}