{
  "id": "scepter0",
  "weight": 750,
  "rarity": 0,
  "tier": 0,
  "registry": "gear_type",
  "lang_file_string": "mmorpg.gear_type.scepter0",
  "implicit_stats": [
    {
      "firstMin": 3.0,
      "firstMax": 10.0,
      "secondMin": 0.0,
      "secondMax": 0.0,
      "stat": "increase_healing",
      "type": "flat"
    }
  ],
  "base_stats": [
    {
      "firstMin": 2.0,
      "firstMax": 4.0,
      "secondMin": 4.0,
      "secondMax": 6.0,
      "stat": "physical_weapon_damage",
      "type": "flat"
    },
    {
      "firstMin": 2.0,
      "firstMax": 5.0,
      "secondMin": 0.0,
      "secondMax": 0.0,
      "stat": "critical_hit",
      "type": "flat"
    }
  ],
  "level_range": {
    "start": 0.0,
    "end": 0.2
  },
  "tag_list": {
    "tags": [
      "wand",
      "mage_weapon",
      "weapon_family",
      "melee_weapon",
      "mage_casting_weapon",
      "intelligence"
    ]
  },
  "stat_req": {
    "dex_req": 0.0,
    "int_req": 0.5,
    "str_req": 0.0
  },
  "item_id": "mmorpg:weapon/wand/scepter0",
  "gear_slot": "wand",
  "weapon_type": "Wand"
}