{
  "id": "spirit_shield4",
  "weight": 500,
  "rarity": 0,
  "tier": 0,
  "registry": "gear_type",
  "lang_file_string": "mmorpg.gear_type.spirit_shield4",
  "implicit_stats": [
    {
      "firstMin": 3.0,
      "firstMax": 8.0,
      "secondMin": 0.0,
      "secondMax": 0.0,
      "stat": "spell_damage",
      "type": "flat"
    }
  ],
  "base_stats": [
    {
      "firstMin": 2.0,
      "firstMax": 5.0,
      "secondMin": 0.0,
      "secondMax": 0.0,
      "stat": "magic_shield",
      "type": "flat"
    }
  ],
  "level_range": {
    "start": 0.8,
    "end": 1.0
  },
  "tag_list": {
    "tags": [
      "shield",
      "magic_shield_stat",
      "offhand_family",
      "cloth",
      "intelligence"
    ]
  },
  "stat_req": {
    "dex_req": 0.0,
    "int_req": 0.5,
    "str_req": 0.0
  },
  "item_id": "minecraft:shield",
  "gear_slot": "shield",
  "weapon_type": "None"
}