{"stats":{"minecraft:custom":{"minecraft:time_since_rest":80979,"minecraft:sprint_one_cm":160,"minecraft:damage_taken":59918,"minecraft:walk_one_cm":36197,"minecraft:mob_kills":26,"minecraft:interact_with_anvil":8,"minecraft:drop":172,"minecraft:damage_dealt":23180,"minecraft:interact_with_crafting_table":7,"minecraft:fly_one_cm":68366,"minecraft:open_barrel":8,"minecraft:open_chest":7,"minecraft:play_one_minute":460792,"minecraft:crouch_one_cm":1229,"minecraft:deaths":2,"minecraft:sneak_time":450,"minecraft:jump":56,"minecraft:interact_with_grindstone":12,"minecraft:leave_game":91,"minecraft:walk_on_water_one_cm":280,"minecraft:time_since_death":80952,"minecraft:enchant_item":5,"minecraft:fall_one_cm":209},"minecraft:killed_by":{"minecraft:iron_golem":1,"minecraft:phantom":1},"minecraft:picked_up":{"heartbond:ender_heart":6,"minecraft:carrot":1,"minecraft:dirt":1,"minecraft:wooden_sword":1,"minecraft:rotten_flesh":29,"mmorpg:gems/tourmaline/0":1,"mmorpg:weapon/wand/wand4":10,"minecraft:soul_sand":1},"minecraft:dropped":{"mmorpg:armor/plate/chest/plate_chest4":6,"mmorpg:uniques/weapon/frigid_staff":1,"minecraft:soul_sand":1,"mmorpg:weapon/axe/axe4":9,"minecraft:golden_chestplate":1,"mmorpg:uniques/weapon/inca_thunder":1,"mmorpg:weapon/wand/wand4":141,"mmorpg:weapon/wand/wand3":1,"minecraft:golden_axe":1,"mmorpg:uniques/armor/beast_blood":1,"heartbond:ender_heart":6,"mmorpg:uniques/weapon/obsi_might":2,"mmorpg:uniques/weapon/worldbearer":1},"minecraft:killed":{"minecraft:zombie":22,"minecraft:spider":1,"minecraft:iron_golem":2,"minecraft:phantom":1},"minecraft:crafted":{"ironchest:copper_silver_upgrade":1},"minecraft:mined":{"byg:short_grass":1,"minecraft:grass_block":1},"minecraft:used":{"minecraft:enchanting_table":1,"campanion:wooden_spear":11,"minecraft:bread":4,"byg:rainbow_eucalyptus_leaves":13,"minecraft:chest":2,"mmorpg:socket_station":2,"charm:oak_barrel":1,"minecraft:barrel":1,"mmorpg:weapon/axe/axe0":8,"minecraft:torch":4,"minecraft:wooden_sword":34,"minecraft:soul_sand":1,"minecraft:anvil":1,"minecraft:soul_soil":1,"minecraft:crafting_table":1,"minecraft:grindstone":1,"mmorpg:weapon/wand/wand4":2,"byg:rainbow_eucalyptus_log":11,"mmorpg:modify_station":3}},"DataVersion":2578}