{
  "id": "eye_of_zegrath",
  "weight": 1000,
  "rarity": 1,
  "tier": 0,
  "registry": "unique_gear",
  "lang_file_string": "item.mmorpg.uniques.weapon.eye_of_zegrath",
  "lang_file_desc_string": "item.mmorpg.uniques.weapon.eye_of_zegrath.desc",
  "unique_stats": [
    {
      "firstMin": 10.0,
      "firstMax": 30.0,
      "secondMin": 0.0,
      "secondMax": 0.0,
      "stat": "physical_weapon_damage",
      "type": "local_increase"
    },
    {
      "firstMin": 5.0,
      "firstMax": 10.0,
      "secondMin": 0.0,
      "secondMax": 0.0,
      "stat": "chance_of_burn",
      "type": "flat"
    },
    {
      "firstMin": 5.0,
      "firstMax": 10.0,
      "secondMin": 0.0,
      "secondMax": 0.0,
      "stat": "chance_of_frost",
      "type": "flat"
    },
    {
      "firstMin": 5.0,
      "firstMax": 10.0,
      "secondMin": 0.0,
      "secondMax": 0.0,
      "stat": "chance_of_poison",
      "type": "flat"
    }
  ],
  "gear_type": "wand2",
  "item_id": "mmorpg:uniques/weapon/eye_of_zegrath"
}