{
  "id": "divine_might",
  "weight": 500,
  "rarity": 1,
  "tier": 0,
  "registry": "unique_gear",
  "lang_file_string": "item.mmorpg.uniques.weapon.divine_might",
  "lang_file_desc_string": "item.mmorpg.uniques.weapon.divine_might.desc",
  "unique_stats": [
    {
      "firstMin": 1.0,
      "firstMax": 3.0,
      "secondMin": 3.0,
      "secondMax": 5.0,
      "stat": "thunder_weapon_damage",
      "type": "flat"
    },
    {
      "firstMin": 5.0,
      "firstMax": 25.0,
      "secondMin": 0.0,
      "secondMax": 0.0,
      "stat": "increase_healing",
      "type": "flat"
    },
    {
      "firstMin": 1.0,
      "firstMax": 1.0,
      "secondMin": 0.0,
      "secondMax": 0.0,
      "stat": "heal_to_dmg",
      "type": "flat"
    },
    {
      "firstMin": 0.25,
      "firstMax": 0.5,
      "secondMin": 0.0,
      "secondMax": 0.0,
      "stat": "strength_flat_stat_req",
      "type": "flat"
    }
  ],
  "gear_type": "scepter4",
  "item_id": "mmorpg:uniques/weapon/divine_might"
}