{
  "id": "will_of_flora",
  "weight": 1000,
  "rarity": 1,
  "tier": 0,
  "registry": "unique_gear",
  "lang_file_string": "item.mmorpg.uniques.weapon.will_of_flora",
  "lang_file_desc_string": "item.mmorpg.uniques.weapon.will_of_flora.desc",
  "unique_stats": [
    {
      "firstMin": 5.0,
      "firstMax": 5.0,
      "secondMin": 5.0,
      "secondMax": 5.0,
      "stat": "nature_weapon_damage",
      "type": "flat"
    },
    {
      "firstMin": 10.0,
      "firstMax": 30.0,
      "secondMin": 0.0,
      "secondMax": 0.0,
      "stat": "increase_healing",
      "type": "flat"
    },
    {
      "firstMin": 0.25,
      "firstMax": 0.5,
      "secondMin": 0.0,
      "secondMax": 0.0,
      "stat": "intelligence_flat_stat_req",
      "type": "flat"
    },
    {
      "firstMin": 0.25,
      "firstMax": 0.5,
      "secondMin": 0.0,
      "secondMax": 0.0,
      "stat": "strength_flat_stat_req",
      "type": "flat"
    }
  ],
  "gear_type": "scepter3",
  "item_id": "mmorpg:uniques/weapon/will_of_flora"
}