{
  "id": "obsi_might",
  "weight": 1000,
  "rarity": 1,
  "tier": 0,
  "registry": "unique_gear",
  "lang_file_string": "item.mmorpg.uniques.weapon.obsi_might",
  "lang_file_desc_string": "item.mmorpg.uniques.weapon.obsi_might.desc",
  "unique_stats": [
    {
      "firstMin": 3.0,
      "firstMax": 5.0,
      "secondMin": 5.0,
      "secondMax": 12.0,
      "stat": "fire_weapon_damage",
      "type": "flat"
    },
    {
      "firstMin": 15.0,
      "firstMax": 50.0,
      "secondMin": 0.0,
      "secondMax": 0.0,
      "stat": "critical_hit",
      "type": "local_increase"
    },
    {
      "firstMin": 1.0,
      "firstMax": 3.0,
      "secondMin": 0.0,
      "secondMax": 0.0,
      "stat": "health_on_kill",
      "type": "flat"
    },
    {
      "firstMin": 15.0,
      "firstMax": 30.0,
      "secondMin": 0.0,
      "secondMax": 0.0,
      "stat": "burn_bonus_dmg",
      "type": "flat"
    },
    {
      "firstMin": 0.5,
      "firstMax": 0.75,
      "secondMin": 0.0,
      "secondMax": 0.0,
      "stat": "strength_flat_stat_req",
      "type": "flat"
    }
  ],
  "gear_type": "axe4",
  "item_id": "mmorpg:uniques/weapon/obsi_might"
}