{
"text_format": "RED",
"identifier": "storm",
"icon": "mmorpg:textures/gui/skill_tree/schools/storm.png",
"order":2,

"perks": "E,E,E,E,E,E,E,E,E,E,E,E,E,E,E,E,E,E,E,E,E,E,E,E,E,E,E,E,E,E,E,E,E,E,E,E,E,E,E,E,E,E,E,E,E,E,E,E,E,E,E,E,E,E,E,E
E,,,,,,,,,,,,,,,,,,,,,,,,,,,,,,,,,,,,,,,,,,,,,,,,,,,,,,,E
E,,,,,,,,,,,,,,,,,,,,,,,,,,,,,,,,,,,,,,,,,,,,,,,,,,,,,,,E
E,,,,,,,,,,,,,,,,,,,,,,,,,,,,,,,,,,,,,,,,,,,,,,,,,,,,,,,E
E,,,,,,,,,,,,,,,,,,,,,,,,,,,,,,,,,,,,,,,,,,,,,,,,,,,,,,,E
E,,,,,,,,,,,,,,,,,,,,,,,,,,,,,,,,,,,,,,,,,,,,,,,,,,,,,,,E
E,,,,,,,,,,,,,,,,,,,,,,,,,,,,,,,,,,,,,,,,,,,,,,,,,,,,,,,E
E,,,,,,,,,,,,,,,,,,,,,,,,,,,,,,,,,,,,,,,,,,,,,,,,,,,,,,,E
E,,,,,,,,,,,,,,,,,,,,,,,,,,,,,,,,,,,,,,,,,,,,,,,,,,,,,,,E
E,,,,,,,,,,,,,,,,,,,,,,,,,,,,,,,,,,,,,,,,,,,,,,,,,,,,,,,E
E,,,,,,,,,,,,,,,,,,,,,,,,,,,,,,,,,,,,,,,,,,,,,,,,,,,,,,,E
E,,,,,,,,,,,,,,,,,,,,,,,,,,,,,,,,,,,,,,,,,,,,,,,,,,,,,,,E
E,,,,,,,,,,,,,,,,,,,,,,,,,,,,,,,,,,,,,,,,,,,,,,,,,,,,,,,E
E,,,,,,,,,,,,,,,,,,,,,,,,,,,,,,,,,,,,,,,,,,,,,,,,,,,,,,,E
E,,,,,,,,,,,,,,,,,,,,,,,,,,,,,,,,,,,,,,,,,,,,,,,,,,,,,,,E
E,,,,,,,,,,,,,,,,,,,,,,,,,,,,,,,,,,,,,,,,,,,,,,,,,,,,,,,E
E,,,,,,,,,,,,,,,,,,,,,,,,,,,,,,,,,,,,,,,,,,,,,,,,,,,,,,,E
E,,,,,,,,,,,,,,,,,,,,,,,,,,,,,,,,,,,,,,,,,,,,,,,,,,,,,,,E
E,,,,,,,,,,,,,,,,,,,,,,,,,,,,,,,,,,,,,,,,,,,,,,,,,,,,,,,E
E,,,,,,,,,,,,,,,,,,,,,,,,,,,,,,,,,,,,,,,,,,,,,,,,,,,,,,,E
E,,,,,,,,,,,,,,,,,,,,,,,,,,,,,,,,,,,,,,,,,,,,,,,,,,,,,,,E
E,,,,,,,,,,,,,,,,,,,,,,,,,,,,,,,,,,,,,,,,,,,,,,,,,,,,,,,E
E,,,,,,,,,,,,,,,,,,,,,,,,,,,,,,,,,,,,,,,,,,,,,,,,,,,,,,,E
E,,,,,,,,,,,,,,,,,,,,,,,,,,,,,,,,,,,,,,,,,,,,,,,,,,,,,,,E
E,,,,,,,,,,,,,,,,,,,,,,,,,,,,,,,,,,,,,,,,,,,,,,,,,,,,,,,E
E,,,,,,,,,,,,,,,,,,,,,,,,,,,,,,,,,,,,,,,,,,,,,,,,,,,,,,,E
E,,,,,,,,,,,,,,,,,,,,,,,,,,,,,,,,,,,,,,,,,,,,,,,,,,,,,,,E
E,,,,,,,,,,,,,,,,,,,,,,,start,,,,,,,,,,,,,,,,,,,,,,,,,,,,,,,,E
E,,,,,,,,,,,,,spell_thunder_damage,,,,,,,,,,O,,,,,,,,,,thunder_weapon_damage,,,,,,,,,,,,,,,,,,,,,,E
E,,,,,,,,,,,spell_thunder_damage,O,,O,,,,,,,int,O,thunder_spear,O,str,,,,,,,O,,O,thunder_weapon_damage,,,,,,,,,,,,,,,,,,,,E
E,,,,,,,,,,,O,,,,spell_thunder_damage,,,,,O,,,,,,O,,,,,thunder_weapon_damage,,,,O,,,,,,,,,,,,,,,,,,,,E
E,,,,,,,,,,,spell_thunder_damage,O,,,,O,lightning_totem,O,O,int,O,big_int,[CENTER],big_str,O,str,O,O,thunder_dash,O,,,,O,thunder_weapon_damage,,,,,,,,,,,,,,,,,,,,E
E,,,,,,,,,,,,,spell_thunder_damage,,,,,,,O,,,,,,O,,,,,,,thunder_weapon_damage,,,,,,,,,,,,,,,,,,,,,,E
E,,,,,,,,,,,,,,O,chance_of_static,,,,,magic_shield,,magic_shield,,armor,,armor,,,,,chance_of_static,O,,,,,,,,,,,,,,,,,,,,,,,E
E,,,,,,,,,,,,,,,,,,,,,O,,,,O,,,,,,,,,,,,,,,,,,,,,,,,,,,,,,E
E,,,,,,,,,,,,,,,,,,,mana,O,magic_shield,,,,armor,O,health,,,,,,,,,,,,,,,,,,,,,,,,,,,,E
E,,,,,,,,,,,,,,,,,,,,,,O,,O,,,,,,,,,,,,,,,,,,,,,,,,,,,,,,,E
E,,,,,,,,,,,,,,,,,,,,,,,big_mana,,,,,,,,,,,,,,,,,,,,,,,,,,,,,,,,E
E,,,,,,,,,,,,,,,,,,,,,,,O,,,,,,,,,,,,,,,,,,,,,,,,,,,,,,,,E
E,,,,,,,,,,,,,,,,,,,,,,,O,,,,,,,,,,,,,,,,,,,,,,,,,,,,,,,,E
E,,,,,,,,,,,,,,,,,,,,,mana_regen,O,mana,O,mana_regen,,,,,,,,,,,,,,,,,,,,,,,,,,,,,,E
E,,,,,,,,,,,,,,,,,,,,O,,,,,,O,,,,,,,,,,,,,,,,,,,,,,,,,,,,,E
E,,,,,,,,,,,,,,,,,,,,int,,,,,,str,,,,,,,,,,,,,,,,,,,,,,,,,,,,,E
E,,,,,,,,,,,,,,,,,,,,O,,,,,,O,,,,,,,,,,,,,,,,,,,,,,,,,,,,,E
E,,,,,,,,,,,,,,,,,,,,int,,,,,,str,,,,,,,,,,,,,,,,,,,,,,,,,,,,,E
E,,,,,,,,,,,,,,,,,,,,,O,O,thunder_storm,O,O,,,,,,,,,,,,,,,,,,,,,,,,,,,,,,E
E,,,,,,,,,,,,,,,,,,,,,,,,,,,,,,,,,,,,,,,,,,,,,,,,,,,,,,,E
E,,,,,,,,,,,,,,,,,,,,,,,,,,,,,,,,,,,,,,,,,,,,,,,,,,,,,,,E
E,,,,,,,,,,,,,,,,,,,,,,,,,,,,,,,,,,,,,,,,,,,,,,,,,,,,,,,E
E,E,E,E,E,E,E,E,E,E,E,E,E,E,E,E,E,E,E,E,E,E,E,E,E,E,E,E,E,E,E,E,E,E,E,E,E,E,E,E,E,E,E,E,E,E,E,E,E,E,E,E,E,E,E,E
"
}