{
  "on_armor_stats": [
    {
      "first_min": 5.0,
      "first_max": 20.0,
      "second_min": 0.0,
      "second_max": 0.0,
      "stat": "armor",
      "type": "LOCAL_INCREASE"
    }
  ],
  "on_jewelry_stats": [
    {
      "first_min": 3.0,
      "first_max": 8.0,
      "second_min": 0.0,
      "second_max": 0.0,
      "stat": "spell_damage",
      "type": "FLAT"
    }
  ],
  "on_weapons_stats": [
    {
      "first_min": 0.5,
      "first_max": 2.0,
      "second_min": 0.0,
      "second_max": 0.0,
      "stat": "life_on_hit",
      "type": "FLAT"
    }
  ],
  "item_id": "mmorpg:runes/ita",
  "identifier": "ita",
  "required_item_level": 0.2,
  "weight": 1000,
  "effective_level": 0.2
}