{
  "on_armor_stats": [
    {
      "first_min": 5.0,
      "first_max": 20.0,
      "second_min": 0.0,
      "second_max": 0.0,
      "stat": "dodge",
      "type": "LOCAL_INCREASE"
    }
  ],
  "on_jewelry_stats": [
    {
      "first_min": 5.0,
      "first_max": 15.0,
      "second_min": 0.0,
      "second_max": 0.0,
      "stat": "physical_weapon_damage",
      "type": "LOCAL_INCREASE"
    }
  ],
  "on_weapons_stats": [
    {
      "first_min": 2.0,
      "first_max": 6.0,
      "second_min": 0.0,
      "second_max": 0.0,
      "stat": "critical_hit",
      "type": "FLAT"
    }
  ],
  "item_id": "mmorpg:runes/mos",
  "identifier": "mos",
  "required_item_level": 0.2,
  "weight": 1000,
  "effective_level": 0.2
}