{
  "on_armor_stats": [
    {
      "first_min": 5.0,
      "first_max": 20.0,
      "second_min": 0.0,
      "second_max": 0.0,
      "stat": "magic_shield",
      "type": "LOCAL_INCREASE"
    }
  ],
  "on_jewelry_stats": [
    {
      "first_min": 1.0,
      "first_max": 3.0,
      "second_min": 0.0,
      "second_max": 0.0,
      "stat": "physical_weapon_damage",
      "type": "FLAT"
    }
  ],
  "on_weapons_stats": [
    {
      "first_min": 5.0,
      "first_max": 12.0,
      "second_min": 0.0,
      "second_max": 0.0,
      "stat": "critical_damage",
      "type": "FLAT"
    }
  ],
  "item_id": "mmorpg:runes/nos",
  "identifier": "nos",
  "required_item_level": 0.2,
  "weight": 1000,
  "effective_level": 0.2
}