{
  "id": "exec_pride",
  "weight": 1000,
  "rarity": 1,
  "tier": 0,
  "registry": "unique_gear",
  "lang_file_string": "item.mmorpg.uniques.armor.exec_pride",
  "lang_file_desc_string": "item.mmorpg.uniques.armor.exec_pride.desc",
  "unique_stats": [
    {
      "firstMin": 5.0,
      "firstMax": 15.0,
      "secondMin": 0.0,
      "secondMax": 0.0,
      "stat": "dodge",
      "type": "flat"
    },
    {
      "firstMin": 10.0,
      "firstMax": 40.0,
      "secondMin": 0.0,
      "secondMax": 0.0,
      "stat": "dodge",
      "type": "local_increase"
    },
    {
      "firstMin": 5.0,
      "firstMax": 20.0,
      "secondMin": 0.0,
      "secondMax": 0.0,
      "stat": "critical_hit",
      "type": "flat"
    },
    {
      "firstMin": 0.25,
      "firstMax": 0.5,
      "secondMin": 0.0,
      "secondMax": 0.0,
      "stat": "strength_flat_stat_req",
      "type": "flat"
    }
  ],
  "gear_type": "leather_chest4",
  "item_id": "mmorpg:uniques/armor/exec_pride"
}