{
  "identifier": "ancients_pledge",
  "stats": [
    {
      "first_min": 10.0,
      "first_max": 15.0,
      "second_min": 0.0,
      "second_max": 0.0,
      "stat": "fire_resist",
      "type": "FLAT"
    },
    {
      "first_min": 10.0,
      "first_max": 15.0,
      "second_min": 0.0,
      "second_max": 0.0,
      "stat": "thunder_resist",
      "type": "FLAT"
    },
    {
      "first_min": 10.0,
      "first_max": 15.0,
      "second_min": 0.0,
      "second_max": 0.0,
      "stat": "water_resist",
      "type": "FLAT"
    }
  ],
  "runes_needed": [
    "ano",
    "cen",
    "toq"
  ],
  "family": "Armor",
  "loc_name": "Ancient's Pledge"
}