{
  "identifier": "ele_fury",
  "stats": [
    {
      "first_min": 0.2,
      "first_max": 0.4,
      "second_min": 0.4,
      "second_max": 1.0,
      "stat": "fire_weapon_damage",
      "type": "FLAT"
    },
    {
      "first_min": 0.2,
      "first_max": 0.4,
      "second_min": 0.4,
      "second_max": 1.0,
      "stat": "water_weapon_damage",
      "type": "FLAT"
    },
    {
      "first_min": 0.2,
      "first_max": 0.4,
      "second_min": 0.4,
      "second_max": 1.0,
      "stat": "thunder_weapon_damage",
      "type": "FLAT"
    },
    {
      "first_min": 0.2,
      "first_max": 0.4,
      "second_min": 0.4,
      "second_max": 1.0,
      "stat": "nature_weapon_damage",
      "type": "FLAT"
    }
  ],
  "runes_needed": [
    "cen",
    "dos",
    "ano",
    "toq"
  ],
  "family": "Weapon",
  "loc_name": "Elemental Fury"
}