{
  "identifier": "enigma",
  "stats": [
	{
      "first_min": 20.0,
      "first_max": 20.0,
      "second_min": 0.0,
      "second_max": 0.0,
      "stat": "cdr",
      "type": "FLAT"
    },
    {
      "first_min": 1.0,
      "first_max": 1.0,
      "second_min": 0.0,
      "second_max": 0.0,
      "stat": "slow_immunity",
      "type": "FLAT"
    },
    {
      "firstMin": 1.0,
      "firstMax": 2.0,
      "secondMin": 0.0,
      "secondMax": 0.0,
      "stat": "mana_per_sec",
      "type": "FLAT"
    }
  ],
  "runes_needed": [
    "har",
    "wir",
    "ita"
  ],
  "family": "Armor",
  "loc_name": "Enigma"
}