{
  "id": "beast_blood",
  "weight": 1000,
  "rarity": 1,
  "tier": 0,
  "registry": "unique_gear",
  "lang_file_string": "item.mmorpg.uniques.armor.beast_blood",
  "lang_file_desc_string": "item.mmorpg.uniques.armor.beast_blood.desc",
  "unique_stats": [
    {
      "firstMin": 5.0,
      "firstMax": 15.0,
      "secondMin": 0.0,
      "secondMax": 0.0,
      "stat": "health",
      "type": "flat"
    },
    {
      "firstMin": 1.0,
      "firstMax": 1.0,
      "secondMin": 0.0,
      "secondMax": 0.0,
      "stat": "health_per_sec",
      "type": "flat"
    },
    {
      "firstMin": 1.0,
      "firstMax": 1.0,
      "secondMin": 0.0,
      "secondMax": 0.0,
      "stat": "hunger_immunity",
      "type": "flat"
    },
    {
      "firstMin": -15.0,
      "firstMax": -5.0,
      "secondMin": 0.0,
      "secondMax": 0.0,
      "stat": "increased_quantity",
      "type": "flat"
    },
    {
      "firstMin": 0.5,
      "firstMax": 0.75,
      "secondMin": 0.0,
      "secondMax": 0.0,
      "stat": "strength_flat_stat_req",
      "type": "flat"
    }
  ],
  "gear_type": "plate_chest4",
  "item_id": "mmorpg:uniques/armor/beast_blood"
}