{
  "id": "inca_thunder",
  "weight": 1000,
  "rarity": 1,
  "tier": 0,
  "registry": "unique_gear",
  "lang_file_string": "item.mmorpg.uniques.weapon.inca_thunder",
  "lang_file_desc_string": "item.mmorpg.uniques.weapon.inca_thunder.desc",
  "unique_stats": [
    {
      "firstMin": 1.0,
      "firstMax": 1.0,
      "secondMin": 10.0,
      "secondMax": 16.0,
      "stat": "thunder_weapon_damage",
      "type": "flat"
    },
    {
      "firstMin": 5.0,
      "firstMax": 15.0,
      "secondMin": 0.0,
      "secondMax": 0.0,
      "stat": "chance_of_static",
      "type": "flat"
    },
    {
      "firstMin": -20.0,
      "firstMax": 20.0,
      "secondMin": 0.0,
      "secondMax": 0.0,
      "stat": "critical_damage",
      "type": "flat"
    },
    {
      "firstMin": -200.0,
      "firstMax": -10.0,
      "secondMin": 0.0,
      "secondMax": 0.0,
      "stat": "alter_req_percent",
      "type": "flat"
    }
  ],
  "gear_type": "sword4",
  "item_id": "mmorpg:uniques/weapon/inca_thunder"
}