{
  "id": "angel_prot_necklace",
  "weight": 1000,
  "rarity": 1,
  "tier": 0,
  "registry": "unique_gear",
  "lang_file_string": "item.mmorpg.uniques.jewelry.angel_prot_necklace",
  "lang_file_desc_string": "item.mmorpg.uniques.jewelry.angel_prot_necklace.desc",
  "unique_stats": [
    {
      "firstMin": 50.0,
      "firstMax": 100.0,
      "secondMin": 0.0,
      "secondMax": 0.0,
      "stat": "mana_burn_resist",
      "type": "flat"
    },
    {
      "firstMin": 1.0,
      "firstMax": 1.0,
      "secondMin": 0.0,
      "secondMax": 0.0,
      "stat": "poison_immunity",
      "type": "flat"
    },
    {
      "firstMin": 3.0,
      "firstMax": 5.0,
      "secondMin": 0.0,
      "secondMax": 0.0,
      "stat": "mana_on_kill",
      "type": "flat"
    },
    {
      "firstMin": 0.5,
      "firstMax": 0.75,
      "secondMin": 0.0,
      "secondMax": 0.0,
      "stat": "intelligence_flat_stat_req",
      "type": "flat"
    }
  ],
  "gear_type": "all_res_necklace0",
  "item_id": "mmorpg:uniques/jewelry/angel_prot_necklace"
}